id,type,name,address,latitude,longitude,detail,zip_code,city,district,subdistrict,tax_code,register_date,phone,email,website,category,geographical_scope,num_affiliates,asoc_affiliated,belongs_to_id1,belongs_to_id2,belongs_to_id3,belongs_to_id4
92977ae4d2ba21425a59afb269c2a14e,Federation,Plena Inclusion Madrid. Organizacion De Entidades En Favor De Personas Con Discapacidad Intelectual De Madrid,"Avenida Ciudad De Barcelona, 108",40.4048956,-3.683278199999999,Esc. 2 Bj. Dcha.,28007,Madrid,Retiro,Pacifico,G28729853,1994-03-05T00:00:00Z,915018335,info@plenamadrid.org,http://plenainclusionmadrid.org/,De Personas Con Discapacidad,Comunidad De Madrid,15000,65,,,,
8c235f89a8143a28a1d6067e959dd858,Federation,Coordinadora Infantil Y Juvenil De Tiempo Libre De Vallecas,"Calle Javier De Miguel, 92",40.3851504,-3.6572793,"2, Local 5",28018,Madrid,Puente De Vallecas,Palomeras Bajas,G79896619,1992-10-30T00:00:00Z,912230414,coordinadora@asociaciones.org,http://www.coordinadora.org.es,Infantiles,Distrito,996,19,,,,
c0f168ce8900fa56e57789e2a2f2c9d0,Federation,Federacion Catolica  De Asociaciones De Padres De Familia Y Padres De Alumnos De Madrid - Fecapa,"Calle Don Ramon De La Cruz, 90",40.4284091,-3.6720122,1º Izq.,28006,Madrid,Salamanca,Goya,G28719193,1991-12-11T00:00:00Z,,madrid@fecapa.e.telefonica.net,,De Madres Y Padres Del Alumnado,Comunidad De Madrid,180000,192,,,,
735b90b4568125ed6c3f678819b6e058,Federation,Federacion Regional De Asociaciones Vecinales De Madrid - Fravm,"Calle Camino De Los Vinateros, 53",40.4108537,-3.6533376,Bis 1º,28030,Madrid,Moratalaz,Media Legua,G28749836,1988-07-04T00:00:00Z,917252909,administracion@aavvmadrid.org,http://www.aavvmadrid.org,Vecinales,Comunidad De Madrid,89663,184,,,,
076a0c97d09cf1a0ec3e19c7f2529f2b,Federation,Fermad - Plataforma Madrileña De Entidades Para La Asistencia A La Persona Adicta Y Su Familia,"Calle Conde De Romanones, 9",40.4131278,-3.7047039,4º Dcha,28012,Madrid,Centro,Embajadores,G78406550,1990-05-10T00:00:00Z,913694448,fermad@telefonica.net,http://www.fermad.org,De Salud Y Apoyo Mutuo,Comunidad De Madrid,1158,19,,,,
56c51a39a7c77d8084838cc920585bd0,Federation,Confederacion Española De Aulas De Tercera Edad,"Avenida De America, 1",40.4378694,-3.6775071,,,Madrid,Chamartin,Prosperidad,,2022-07-21T00:00:00Z,696297014,admin@ceate.es,http://www.ceate.es,"De Personas Mayores, Jubiladas Y Pensionistas",Estatal,1511,9,,,,
ecf5631507a8aedcae34cef231aa7348,Federation,Federacion De Asociaciones Para La Defensa De La Sanidad Publica,"Calle Arroyo De La Media Legua, 29",40.4110982,-3.6560752,Puerta 49,,Madrid,Moratalaz,Media Legua,G81042236,2022-07-18T00:00:00Z,913339087,fadspu@gmail.com,http://www.fadsp.es,De Salud Y Apoyo Mutuo,Estatal,2042,9747,,,,
770c0e7e2af0db73409aa2431aa8f33e,Federation,Federacion De Vecinos De Madrid - Vem,"Calle Victor Andres Belaunde, 52",40.4577508,-3.6800918,"Piso Bajo, Puerta Centro",,Madrid,Chamartin,Hispanoamerica,G67985150,2022-05-26T00:00:00Z,684183496,vem@vecinosmadrid.es,https://www.vecinosmadrid.es/,Vecinales,Comunidad De Madrid,1085,11,,,,
101951fe7ebe7bd8c77d14f75746b4bc,Federation,Federacion De Asociaciones De Mujeres “libres Y Combativas” De La Comunidad De Madrid,"Calle Hermanos Del Moral, 33",40.3925198,-3.7211186,"Planta Baja, Puerta 2",,Madrid,Carabanchel,Opañel,G09837741,2022-03-15T00:00:00Z,605950727,libresycombativasmadrid@gmail.com,,De Mujeres,Comunidad De Madrid,792,3,,,,
f4f6dce2f3a0f9dada0c2b5b66452017,Federation,"Federacion De La Comunidad De Madrid De Asociaciones De Padres Y Madres Del Alumnado ""francisco Giner De Los Rios""","Calle Pilar De Zaragoza, 22",40.43323350000001,-3.6687608,Bajo-jardin,28028,Madrid,Salamanca,Guindalera,G28848497,1989-06-30T00:00:00Z,915539773,info@fapaginerdelosrios.es,http://www.fapaginerdelosrios.org,De Madres Y Padres Del Alumnado,Comunidad De Madrid,56852,379,,,,
4f4adcbf8c6f66dcfc8a3282ac2bf10a,Federation,Federacion De Asociaciones Ciudadanas De Consumidores Y Usuarios Madrid - Facum,"Calle Cava Baja, 30",40.4122855,-3.7095033,Local 7,28005,Madrid,Centro,Palacio,G79281424,1989-06-27T00:00:00Z,913640276,info@cecumadrid.org,,De Personas Consumidoras Y Usuarias,Comunidad De Madrid,1030,3,,,,
ac4e7a4f341e7281b0f6f274f9ec3905,Federation,Federacion De Asociaciones Para La Prevencion Del Maltrato Infantil,"Calle Delicias, 8",40.4039829,-3.6947149,Entreplanta,,Madrid,Arganzuela,Delicias,G79986493,2021-11-25T00:00:00Z,914682662,alejandra.pascual@fapmi.es,http://www.fapmi.es,Otras De Acción Social,Estatal,,1,,,,
3ce83f544dbe69bb4fb19211fc442c2f,Federation,Confederacion Española De Personas Con Discapacidad Fisica Y Organica (cocemfe),"Calle Eugenio Salazar, 2",40.444256,-3.6728057,,,Madrid,Chamartin,Ciudad Jardin,G28681955,2021-09-28T00:00:00Z,917443600,juridico@cocemfe.es,http://www.cocemfe.es,De Personas Con Discapacidad,Estatal,225340,30,,,,
86c51678350f656dcc7f490a43946ee5,Federation,Federacion Madrileña De Espeleologia,"Avenida Salas De Los Infantes, 1",40.4860588,-3.6840019,3º - 7,,Madrid,Fuencarral-El Pardo,Valverde,G79008926,2021-06-28T00:00:00Z,629256870,fme@fmespeleologia.org,http://www.fmespeleologia.org,Deportivas,Comunidad De Madrid,326,19,,,,
af8d9c4e238c63fb074b44eb6aed80ae,Federation,"Federacion De Peritos, Mediadores Y Arbitros - Fepeme","Calle Lope De Rueda, 50",40.4188687,-3.6779918,Bajo Ext,,Madrid,Retiro,Ibiza,G88616172,2021-06-29T00:00:00Z,910917266,admin@fepeme.org,http://www.fepeme.org,"Comerciantes,empresarios,profesionales Y Autónomos",Estatal,1500,10,,,,
298f587406c914fad5373bb689300433,Federation,Federacion Erasmus Student Network España,"Calle Einstein, 7",40.5449645,-3.6934665,,,Madrid,Fuencarral-El Pardo,El Goloso,V83340406,2021-05-28T00:00:00Z,631482642,secretariado@esn-spain.org,,De Estudiantes /alumnado,Estatal,5190,5,,,,
943b5fd1ef60d3a4db537af4a4d0c802,Federation,Femaden – Federacion Madrileña De Enfermedades Neurologicas,"Camino Valderribas, 115",40.3945701,-3.6560944,Bajo,,Madrid,Puente De Vallecas,Numancia,G83868778,2021-05-25T00:00:00Z,647620736,femaden@femaden.org,http://www.femaden.org,De Personas Con Discapacidad,Comunidad De Madrid,3470,4,,,,
4175a4b46a45813fccf4bd34c779d817,Federation,Federacion De Asociaciones Regionales De Estudiantes De Ciencias Economicas Y Empresariales - Aiesec En España,"Calle La Regalada, 5",40.4045395,-3.6747033,3º A,,Madrid,Retiro,Pacifico,G80240096,2021-03-30T00:00:00Z,640194223,finanzasylegalidad@aiesec.es,,De Estudiantes /alumnado,Estatal,25,1,,,,
4837ba5cd49c7f03caaa423049e66daf,Federation,Federacion Madrileña De Montañismo,"Avenida Salas De Los Infantes, 1",40.4860588,-3.6840019,5º - 3,,Madrid,Fuencarral-El Pardo,Valverde,G79488870,2021-11-02T00:00:00Z,915273801,cfballesteros@fmm.es,http://www.fmm.es,Deportivas,Comunidad De Madrid,13642,56,,,,
4175f2ebb265d58c6d8877841d016d08,Federation,Plataforma De Organizaciones De Infancia De La Comunidad - Poi Madrid,"Calle Escosura, 3",40.4341454,-3.7070512,Local 2,,Madrid,Chamberi,Gaztambide,G84727627,2021-11-02T00:00:00Z,915340143,poimadrid@plataformadeinfancia.org,http://www.poimadrid.org,Infantiles,Comunidad De Madrid,160254,27,,,,
5db60c98209913790e4fcce4597ee37c,Federation,Federacion Española De Tiro Con Arco,"Calle Altamirano, 30",40.4307512,-3.7195459,,,Madrid,Moncloa-Aravaca,Arguelles,Q2878039C,2021-08-02T00:00:00Z,619414033,rfeta@federarco.es,http://federarco.es,Deportivas,Estatal,,,,,,
533fa796b43291fc61a9e812a50c3fb6,Federation,Federacion Madrileña De Piragüismo,"Carretera El Pardo, 2",40.4351633,-3.7351339,Km 1,,Madrid,Fuencarral-El Pardo,El Pardo,G79414611,2021-01-21T00:00:00Z,913950127,fmp@piraguamadrid.com,http://www.piraguamadrid.com,Deportivas,Comunidad De Madrid,6046,17,,,,
4c2e5eaae9152079b9e95845750bb9ab,Federation,Federacion  De Asociaciones De Asistencia A Victimas De Violencia Sexual Y De Genero (famuvi),"Avenida Real De Pinto, 26",40.3465898,-3.7063735,1º D,,Madrid,Villaverde,Villaverde Alto C.H.,G80271588,2021-01-20T00:00:00Z,636858923,gestioneconomica@stopviolenciasexual.org,http://www.stopviolenciasexual.org,Familias,Estatal,,,,,,
1c66f4627f1b9679f8db47d1287d7e98,Federation,Confederacion De Juventudes Musicales De España,"Calle Abdon Terradas, 3",40.4348237,-3.7121275,Puerta Izquierda,,Madrid,Chamberi,Gaztambide,G08490559,2020-08-27T00:00:00Z,629302595,info@jmspain.org,http://www.jmspain.org,Culturales Y Casas Regionales,Estatal,470,1,,,,
46d3f6029f6170ebccb28945964d09bf,Federation,"Federacion Española De Mujeres Directivas, Ejecutivas, Profesionales Y Empresarias - Fedepe","Calle Peña Gorbea, 2",40.3957229,-3.6679256,6ª Planta,,Madrid,Puente De Vallecas,San Diego,G80160211,2020-08-27T00:00:00Z,691738260,secretaria@mujeresfedepe.com,,De Mujeres,Estatal,535483,5,,,,
8068fee5f49946b3a8f85b1007cd40bb,Federation,Federacion Empresarial De Asociaciones Territoriales De Agencias De Viajes Españolas - Fetave,"Calle Miguel Angel, 1",40.433482,-3.6916037,Portal Dup Pl Baja,,Madrid,Chamberi,Almagro,G84563584,2020-07-24T00:00:00Z,600049413,fetave@fetave.es,,"Comerciantes,empresarios,profesionales Y Autónomos",Estatal,40,1,,,,
64d52e08cc03e6090bc1ef30b73ccb85,Federation,Federacion Coral De Madrid,"Calle Goya, 99",40.4248464,-3.6738487,2º Dcha,28009,Madrid,Salamanca,Goya,G78175999,2019-10-25T00:00:00Z,655690680,fecormad@fecormad.es,http://www.fecormad.es,Culturales Y Casas Regionales,Comunidad De Madrid,2919,85,,,,
b181eaa49f5924e16c772dcb718fcd0f,Federation,Federacion De Asociaciones Protectoras Y De Defensa Animal De La Comunidad De Madrid,"Calle Delfin, 13",40.4670624,-3.693543,3º A,28029,Madrid,Tetuan,Almenara,V84661164,2019-08-13T00:00:00Z,606994228,fapa@fapam.org,http://www.fapam.org,De Defensa De Los Animales,Comunidad De Madrid,2890,15,,,,
f23d125da1e29e34c552f448610ff25f,Federation,Federacion Madrileña De Salvamento Y Socorrismo,"Avenida Salas De Los Infantes, 1",40.4860588,-3.6840019,Planta 4ª,28034,Madrid,Fuencarral-El Pardo,Valverde,G78420932,2019-08-13T00:00:00Z,650436842,gerente@fmss.es,http://www.fmss.es,Deportivas,Comunidad De Madrid,902,11,,,,
45cef8e5b9570959bd9feaacae2bf38d,Federation,Federacion Española De Daño Cerebral,"Calle Agustin De Betancourt, 21",40.4449624,-3.6954474,Planta 8ª,28003,Madrid,Chamberi,Rios Rosas,G41792284,2019-05-14T00:00:00Z,914178905,mbarbero@fedace.org,,De Personas Con Discapacidad,Estatal,520,4,,,,
820e694038fadbf9b60b834215b46fdb,Federation,Federacion De Asociaciones De Esclerosis Multiple De Madrid (fademm),"Calle San Lamberto, 5",40.4199686,-3.6520067,,28017,Madrid,Ciudad Lineal,Ventas,G83715474,2019-01-04T00:00:00Z,606053326,presidencia@fademm.org,,De Salud Y Apoyo Mutuo,Comunidad De Madrid,1086,1,,,,
5481b2f34a74e427a2818014b8e103b0,Federation,Federacion Madrileña De Karate Y Disciplinas Asociadas (da),"Calle Alberche, 21",40.4009266,-3.67788,,28007,Madrid,Retiro,Pacifico,G79206975,2019-01-31T00:00:00Z,915018144,info@fmkarate.com,http://fmkarate.com,Deportivas,Comunidad De Madrid,5203,120,,,,
e6e713296627dff6475085cc6a224464,Federation,Union De Asociaciones De Tetuan Mercado De San Enrique,"Calle Mercedes, 6",40.4543954,-3.7020323,,28020,Madrid,Tetuan,Cuatro Caminos,,2019-07-02T00:00:00Z,915705679,unionsanenrique@gmail.com,,Otras De Acción Social,Comunidad De Madrid,13757,8,,,,
1fd7b875d3473501d1b771ebe934ca59,Federation,Union De Asociaciones Familiares,"Calle Alberto Aguilera, 3",40.4296082,-3.7074294,1º Izq,28015,Madrid,Chamberi,Arapiles,G79040796,2018-10-19T00:00:00Z,914463162,unaf@unaf.org,http://unaf.org,Familias,Estatal,14752,16,,,,
9a85c12a21b76392747906fc7b2aff92,Federation,Confederacion Nacional De Centros Especiales De Empleo - Conacee,"Paseo Castellana, 135",40.45955439999999,-3.6912194,Planta 7ª,28046,Madrid,Tetuan,Castillejos,V62552781,2018-09-10T00:00:00Z,911262254,gerencia@conacee.org,http://www.conacee.org,Otras De Acción Social,Estatal,52,1,,,,
15e122e839dfdaa7ce969536f94aecf6,Federation,Federacion De Entidades Y Centros Para La Integracion Y Ayuda De Marginados - Faciam,"Calle Via Carpetana, 47",40.39879010000001,-3.7332751,,28047,Madrid,Carabanchel,San Isidro,G28697324,2018-09-10T00:00:00Z,915595923,faciam@faciam.org,,Otras De Acción Social,Estatal,10448,7,,,,
e945de21a1bb5714a0bc8a897ed32e9f,Federation,Fed. De Coord Asoc De Personas Con Discapacidad Fisica De Las Comu. Aut. De España (fed. Coamificoa,"Calle Azabache, 1bis",40.3921248,-3.724725,Local 1,28019,Madrid,Carabanchel,Opañel,G46942645,2018-04-17T00:00:00Z,913016048,coamificoa@coamificoa.es,http://www.coamificoa.es,De Personas Con Discapacidad,Estatal,57,1,,,,
57f04bb2975420e3b4c73920c687cad7,Federation,Amistad Internacional Scout Y Guia -españa,"Calle Entre Arroyos, 19",40.4087775,-3.6544819,Puerta Bis,28030,Madrid,Moratalaz,Media Legua,G80782139,2018-04-25T00:00:00Z,629393387,secretaria@aisg.es,,Otras De Acción Social,Estatal,80,1,,,,
09060616068d2b9544dc33f2fbe4ce2d,Federation,Asociacion Red Madrileña De Lucha Contra La Pobreza Y La Exclusion Social (eapn Madrid),"Calle Melquiades Biencinto, 7",40.3971796,-3.669018,3º - 3,28053,Madrid,Arganzuela,Delicias,G81298531,2017-08-29T00:00:00Z,661552019,coordinacion@eapnmadrid.org,,Otras De Acción Social,Comunidad De Madrid,499374,61,,,,
334467d41d5cf21e234465a1530ba647,Federation,Confederacion Española De Inmigrantes Emprendedores-cein,"Calle Amparo Usera, 9",40.3880589,-3.701030599999999,,28026,Madrid,Usera,Moscardo,G85978476,2017-09-08T00:00:00Z,629550411,confederaciones@yahoo.es,,De Inmigrantes,Estatal,3458,5,,,,
9c8661befae6dbcd08304dbf4dcaf0db,Federation,Asociacion De Empresarios Y Profesionales De La Carne Y Derivados Carnicos De La Comunidad De Madrid-carnimad,"Caños Enrique Larreta, 5",40.467428,-3.6865853,1º,28036,Madrid,Chamartin,Castilla,G28966430,2006-04-18T00:00:00Z,915471324,abogado@fedecarne.es,,"Comerciantes,empresarios,profesionales Y Autónomos",Comunidad De Madrid,772,,,,,
8deb8d1dd92840f975b6931ab3a3c61e,Federation,Federacion Nacional De Enfermos Y Trasplantados Hepaticos,"Calle Santiago De Compostela, 38",40.4832313,-3.702706499999999,7º,28034,Madrid,Fuencarral-El Pardo,La Paz,V91391375,2017-05-19T00:00:00Z,675952767,secretaria@fneth.org,,De Salud Y Apoyo Mutuo,Estatal,900,3,,,,
4ad13f04ef4373992c9d3046200aa350,Federation,Colegas-confederacion Lgtb Española,"Calle Alamo, 5",40.4239957,-3.7092233,"Bj, Local",28015,Madrid,Centro,Universidad,G92469097,2017-05-16T00:00:00Z,607929460,ramirez.martin.francisco@gmail.com,http://www.colegas.lgbt,Culturales Y Casas Regionales,Estatal,183,3,,,,
1e3b21cb226c39b6aa4634f820b372f3,Federation,Union Madrileña De Asociaciones De Personas Pro Salud Mental -umasam- Federacion Salud Mental Comunidad De Madrid,"Calle Poeta Esteban De Villegas, 12",40.4080152,-3.680045,Bajo Izq,28014,Madrid,Retiro,Jeronimos,G86653615,2017-10-05T00:00:00Z,915130243,coordinacion@saludmentalmadrid.org,http://www.saludmentalmadrid.org,De Personas Con Discapacidad,Comunidad De Madrid,1810,9,,,,
504c296f8eb5fd521e744da4e8371f28,Federation,Federacion Intersectorial De Autonomos De La Comunidad De Madrid (fidacam),"Paseo Infanta Isabel, 17",40.4069569,-3.6874172,Local,28014,Madrid,Retiro,Jeronimos,G80380595,2017-10-05T00:00:00Z,915775142,administracion@fidacam.com,http://www.fidacam.com,"Comerciantes,empresarios,profesionales Y Autónomos",Comunidad De Madrid,415,2,,,,
326fb04c3abf030fe3f4e341f39b573f,Federation,"Plataforma ""khetane"" Del Movimiento Asociativo Gitano Del Estado Español","Plaza Luca De Tena, 2",40.4025596,-3.6932088,Bajo Local,28045,Madrid,Arganzuela,Palos De Moguer,G86515087,2016-09-27T00:00:00Z,649548329,coordinacion@plataformakhetane.org,http://www.plataformakhetane.org,De Derechos Humanos,Estatal,375,1,,,,
0e1ebad68af7f0ae4830b7ac92bc3c6f,Federation,Federacion De Planificacion Familiar Estatal,"Calle San Vicente Ferrer, 86",40.4264884,-3.7089656,Bajo Local,28015,Madrid,Centro,Universidad,V78419884,2017-04-21T00:00:00Z,915913449,info@fpfe.org,http://www.fpfe.org,De Salud Y Apoyo Mutuo,Estatal,53,1,,,,
88e1ce84f9feef5a08d0df0334c53468,Federation,Union De Asociaciones De Trabajadores Autonomos Y Emprendedores De La Comunidad De Madrid (uatae Madrid),"Calle General Palanca, 37",40.3992867,-3.694561,,28045,Madrid,Arganzuela,Delicias,G86249182,2017-04-21T00:00:00Z,915177375,bproyectos@uatae.org,http://www.uatae.org,"Comerciantes,empresarios,profesionales Y Autónomos",Comunidad De Madrid,55339,48,,,,
38811c5285e34e2e3319ab7d9f2cfa5b,Federation,Circulo Empresarial De Atencion A Las Personas (ceaps),"Calle Castello, 95",40.4334365,-3.6811617,2º B,28006,Madrid,Salamanca,Castellana,G87721593,2017-04-24T00:00:00Z,696656643,direccion@ceaps.org,,"Comerciantes,empresarios,profesionales Y Autónomos",Estatal,142,1,,,,
320722549d1751cf3f247855f937b982,Federation,Coordinadora Asociaciones Culturales De Madrid - Coacum,"Calle Santa Julia, 11",40.3945818,-3.6674345,,28053,Madrid,Puente De Vallecas,San Diego,G79006672,1989-02-28T00:00:00Z,914773887,coacum@gmail.com,,Culturales Y Casas Regionales,Comunidad De Madrid,1504,7,,,,
2e0aca891f2a8aedf265edf533a6d9a8,Federation,Federacion Red De Artemisa,"Calle Maestro Arbos, 3",40.3905637,-3.694780499999999,5º Despacho 511,28045,Madrid,Arganzuela,Legazpi,G86219219,2016-09-29T00:00:00Z,917787432,coordinacion@redartemisa.org,,Otras De Acción Social,Estatal,1496,6,,,,
1cfead9959b76ce44a847c850b61c587,Federation,Confederacion Salud Mental España,"Calle Hernandez Mas, 20",40.3810104,-3.6703851,,28053,Madrid,Puente De Vallecas,Entrevias,G46245247,2016-05-09T00:00:00Z,915079248,confederacion@consaludmental.org,http://consaludmental.org,De Salud Y Apoyo Mutuo,Estatal,3568,21,,,,
3b5020bb891119b9f5130f1fea9bd773,Federation,Federacion Española De Lupus,"Calle Moreto, 7",40.4142677,-3.6901571,5º Dcha,28014,Madrid,Retiro,Jeronimos,G29845096,2016-07-20T00:00:00Z,647081061,info@felupus.org,http://www.felupus.org,De Salud Y Apoyo Mutuo,Estatal,400,1,,,,
fc325d4b598aaede18b53dca4ecfcb9c,Federation,Federacion Autismo Madrid,"Calle Costa Verde, 1",40.4678304,-3.6943138,,28029,Madrid,Tetuan,Almenara,G82095456,2016-11-04T00:00:00Z,910133095,info@autismomadrid.es,http://www.autismomadrid.es,Otras De Acción Social,Comunidad De Madrid,943,7,,,,
c02f9de3c2f3040751818aacc7f60b74,Federation,"Faam ""sindicato De Estudiantes""","Calle Escalona, 80",40.3956692,-3.7649134,2º C,28024,Madrid,Latina,Aluche,G83303313,2016-08-02T00:00:00Z,605950727,sindicatoestudiantesmadrid@gmail.com,http://sindicatodeestudiantes.net,Juveniles,Comunidad De Madrid,813,42,,,,
aa6b7ad9d68bf3443c35d23de844463b,Federation,Federacion Española De Enfermedades Metabolicas Hereditarias,"Calle Luis Ruiz, 75",40.4283667,-3.6353021,Local 30,28017,Madrid,Ciudad Lineal,Pueblo Nuevo,G41429440,2015-02-09T00:00:00Z,626225611,federacion@metabolicos.es,http://www.metabolicos.es,De Salud Y Apoyo Mutuo,Estatal,121,3,,,,
e2f9247929b404b2fe98ba6f32301e3b,Federation,Federacion Madrileña De Deportes Para Discapacitados Intelectuales,"Avenida Salas De Los Infantes, 1",40.4860588,-3.6840019,,28034,Madrid,Fuencarral-El Pardo,Valverde,G80830730,2015-04-21T00:00:00Z,913646344,gerencia@femaddi.org,http://www.femaddi.org,Deportivas,Comunidad De Madrid,1123,27,,,,
bc4e356fee1972242c8f7eabf4dff517,Federation,Federacion Española De Asociaciones De Espina Bifida E Hidrocefalia,"Calle Pechuan, 14",40.445334,-3.6759825,,28002,Madrid,Chamartin,Ciudad Jardin,G28726792,2015-04-15T00:00:00Z,650394896,presidencia@febhi.org,http://www.febhi.org,De Salud Y Apoyo Mutuo,Estatal,351,1,,,,
892c3b1c6dccd52936e27cbd0ff683d6,Federation,Federacion  De Asociaciones De Mujeres De La Comunidad De Madrid-famcm,"Calle Bravo Murillo, 4",40.4342003,-3.7039705,Local,28015,Madrid,Chamberi,Trafalgar,G86535119,2015-11-03T00:00:00Z,914296241,f.asociacionesdemujerescm@gmail.com,http://www.federacionasociacionesdemujerescm.org,De Mujeres,Comunidad De Madrid,1000,9,,,,
6e82873a32b95af115de1c414a1849cb,Federation,Federacion Española Del Pueblo Gitano,"Calle Ruidera, 10",40.3813426,-3.6743419,Local A,28053,Madrid,Puente De Vallecas,Entrevias,G87071676,2015-03-03T00:00:00Z,603165053,federacion.esppg@hotmail.com,,Otras De Acción Social,Estatal,315,2,,,,
ec7f346604f518906d35ef0492709f78,Federation,Asociacion Red De Ongd De Madrid,"Calle Embajadores, 26",40.4092202,-3.705752,Local 4,28012,Madrid,Centro,Embajadores,V81310278,2015-06-02T00:00:00Z,915288033,coordinacion@redongdmad.org,www.redongdmad.org,Para La Cooperación Al Desarrollo,Comunidad De Madrid,785644,90,,,,
e98741479a7b998f88b8f8c9f0b6b6f1,Federation,Federacion De Asociaciones Bolivianas Y Latinoamericanas (fedabol),"Calle Francisco Ruiz, 9",40.3821502,-3.7034895,"Bajo, Local 20 Y 36",28026,Madrid,Usera,Almendrales,G85434173,2014-06-05T00:00:00Z,912227352,fedefedabol@yahoo.es,,De Inmigrantes,Comunidad De Madrid,452,5,,,,
e6af401c28c1790eaef7d55c92ab6ab6,Federation,Confederacion De Asociaciones De Enfermos De Crohn Y Colitis Ulcerosa De España - Accu España,"Calle Enrique Trompeta, 6",40.39267299999999,-3.6956669,Bajo 1,28045,Madrid,Arganzuela,Chopera,G82047143,2014-05-03T00:00:00Z,915426326,accuesp@accuesp.com,http://www.accuesp.com,De Salud Y Apoyo Mutuo,Estatal,716,1,,,,
a78482ce76496fcf49085f2190e675b4,Federation,"Liga Reumatologica Española, Asociacion De Organizaciones Y Personas Con Enfermedades Reumaticas Y Musculoesqueleticas - Lire","Paseo Delicias, 30",40.4045482,-3.6938232,Planta 2ª,28045,Madrid,Arganzuela,Palos De Moguer,G28511848,2013-02-12T00:00:00Z,692271099,lire@lire.es,http://www.lire.es,De Salud Y Apoyo Mutuo,Estatal,125,3,,,,
d53697441ef12a45422f6660202f9840,Federation,Down España - Federacion Española De Instituciones Para El Sindrome De Down,"Calle Machaquito, 58",40.4576841,-3.6259696,Bajo,28043,Madrid,Hortaleza,Piovera,G80245780,2013-11-11T00:00:00Z,917160710,downespana@sindromedown.net,http://www.sindromedown.net,De Salud Y Apoyo Mutuo,Estatal,1108,5,,,,
d210cf373cf002a04ec72ee395f66306,Federation,Federacion De Personas Sordas De La Comunidad De Madrid - Fesorcam,"Calle Florestan Aguilar, 11",40.4308795,-3.6678839,Bajo,28028,Madrid,Salamanca,Guindalera,G78509288,2013-06-27T00:00:00Z,917253757,administracion2@fesorcam.org,http://www.fesorcam.org,De Personas Con Discapacidad,Comunidad De Madrid,380,2,,,,
08f38e0434442128fab5ead6217ca759,Federation,Asociacion Madrileña De Organizaciones De Atencion A Las Personas Con Paralisis Cerebral Y Afines (aspace Madrid),"Calle Tabatinga, 11",40.4444406,-3.6322663,,28027,Madrid,San Blas-Canillejas,El Salvador,G82633256,2013-01-23T00:00:00Z,670318674,proyectos@aspacemadrid.org,http://www.aspacemadrid.org,De Salud Y Apoyo Mutuo,Comunidad De Madrid,581,10,,,,
ad47a008a2f806aa6eb1b53852cd8b37,Federation,Asociacion De Clubes De Pelota De Madrid Y Sigla - Acpm,"Calle Benidorm, 28",40.4314632,-3.6515144,Bajo H,28017,Madrid,Ciudad Lineal,Ventas,G86519675,2012-05-12T00:00:00Z,913265350,ortegocuesta@gmail.com,http://www.asociacioncpm.org,Deportivas,Comunidad De Madrid,45,2,,,,
cdd96eedd7f695f4d61802f8105ba2b0,Federation,Federacion De Grupos Tradicionales Madrileños,"Calle Sierra De Contraviesa, 14",40.384337,-3.6708604,Bajo,28053,Madrid,Puente De Vallecas,Entrevias,G79307955,2012-11-26T00:00:00Z,669751037,federacion.grupos.tradicionales@gmail.com,http://www..federaciongrupostradicionalesmadrilenos.com,Culturales Y Casas Regionales,Comunidad De Madrid,592,7,,,,
2e74c2cf88f68a68c84e9509abc7ea56,Federation,Federacion Madrileña De Folclore,"Avenida Cordoba, 15",40.385096,-3.6978156,,28026,Madrid,Usera,Almendrales,G82620667,2012-10-22T00:00:00Z,609143675,director@balletfolcloricodemadrid.es,,Culturales Y Casas Regionales,Estatal,581,4,,,,
3a0844cee4fcf57de0c71e9ad3035478,Federation,Federacion Española De Transplantados De Corazon (fetco),"Calle Cerro Blanco, 14",40.3817485,-3.7164792,Local 19,28026,Madrid,Usera,Zofio,G81414328,2012-03-09T00:00:00Z,917510479,presidencia@fetco.es,http://www.fetco.es,De Salud Y Apoyo Mutuo,Estatal,152,1,,,,
e97c864e8ac67f7aed5ce53ec28638f5,Federation,"Confederacion De Asociaciones Independientes De Jubilados, Retirados Y Pensionistas - C.A.I.","Calle Concepcion Jeronima, 8",40.414001,-3.7051202,Centro - 3º Izq,28012,Madrid,Centro,Sol,G79044194,2012-02-08T00:00:00Z,913690738,ragaca55@gmail.com,,"De Personas Mayores, Jubiladas Y Pensionistas",Estatal,34,1,,,,
028ee724157b05d04e7bdcf237d12e60,Federation,Federacion De Asociaciones De Ingenieros Industriales De España,"Calle General Arrando, 38",40.4316262,-3.6930899,,28010,Madrid,Chamberi,Almagro,G28214377,2012-07-26T00:00:00Z,915210070,faiie@iies.es,http://www.ingenierosindustriales.es,"Comerciantes,empresarios,profesionales Y Autónomos",Estatal,6867,1,,,,
daaaf13651380465fc284db6940d8478,Federation,Union De Asociaciones De Ingenieros Tecnicos Industriales  Y Graduados En Ingenieria De La Rama Industrial De España (uaitie),"Avenida Pablo Iglesias, 2",40.4426774,-3.704842599999999,2ª Planta,28003,Madrid,Chamberi,Vallehermoso,G28196061,2012-07-23T00:00:00Z,915541806,uaitie@uaitie.es,http://www.uaitie.es,"Comerciantes,empresarios,profesionales Y Autónomos",Estatal,6867,1,,,,
2417dc8af8570f274e6775d4d60496da,Federation,Federacion Española Sindrome X Fragil,"Plaza Carballo, 8",40.47774700000001,-3.7048894,10º - 3,28029,Madrid,Fuencarral-El Pardo,El Pilar,G61897948,2012-07-16T00:00:00Z,629964478,jguzman@xfragil.org,http://xfragil.org,De Salud Y Apoyo Mutuo,Estatal,114,1,,,,
f35a2bc72dfdc2aae569a0c7370bd7f5,Federation,Federacion Española De Bancos De Alimentos,"Carretera Colmenar Viejo, Km. 12,800",40.5785398,-3.7052138,Ciudad Escolar,28049,Madrid,Fuencarral-El Pardo,El Pardo,G82410432,2012-06-19T00:00:00Z,917356390,angeles@fesbal.org,http://www.fesbal.org,Otras De Acción Social,Estatal,556,1,,,,
f12f2b34a0c3174269c19e21c07dee68,Federation,Federacion De Mujeres Y Familias Del Ambito Rural - Amfar,"Calle Agustin De Betancourt, 17",40.4444395,-3.6954982,7ª Planta,28003,Madrid,Chamberi,Rios Rosas,V82616582,2012-06-20T00:00:00Z,667696906,amfarcr@mujerrural.com,http://www.mujerrural.com,De Mujeres,Estatal,1985,1,,,,
09a5e2a11bea20817477e0b1dfe2cc21,Federation,Federacion De Asociaciones De Consumidores Y Usuarios De Los Medios (icmedia),"Calle Rufino Blanco, 8",40.4277879,-3.6664908,3º B,28028,Madrid,Salamanca,Fuente Del Berro,G80508682,2012-06-18T00:00:00Z,915349018,mpellico@icmedianet.org,,De Personas Consumidoras Y Usuarias,Estatal,80,1,,,,
06c284d3f757b15c02f47f3ff06dc275,Federation,Organizacion Impulsora De Discapacitados (o.I.D.),"Calle Gran Via, 57",40.4218207,-3.708866499999999,7º B,28013,Madrid,Centro,Palacio,G47337118,2012-06-18T00:00:00Z,925054000,abogadosoid@gmail.com,,Otras De Acción Social,Internacional,79,1,,,,
c60d870eaad6a3946ab3e8734466e532,Federation,Federacion De Comunidades Andaluzas Centro De España - Fecace,"Calle Gran Via, 29",40.4199556,-3.7032848,4º - 14,28013,Madrid,Centro,Sol,V79083754,2012-06-18T00:00:00Z,915320037,secretaria@fecace.com,http://www.fecace.es,Culturales Y Casas Regionales,Estatal,970,3,,,,
48c3ec5c3a93a9e294a8a6392ccedeb4,Federation,Liga Española De La Educacion Y La Cultura Popular (l.E.E.C.P.),"Calle Vallehermoso, 54",40.4359481,-3.7083511,1º - 1,28015,Madrid,Chamberi,Arapiles,G78519543,2012-10-01T00:00:00Z,915945338,laliga@ligaeducacion.org,http://www.ligaeducacion.org,Culturales Y Casas Regionales,Estatal,45,1,,,,
2288f691b58edecadcc9a8691762b4fd,Federation,Coordinadora Nacional De Artritis - Conartritis,"Calle Ferrocarril, 18",40.4010697,-3.6955924,2º -  Oficina 1,28045,Madrid,Arganzuela,Palos De Moguer,G84188671,2011-12-16T00:00:00Z,915352141,conartritis@conartritis.org,http://www.conartritis.org,De Salud Y Apoyo Mutuo,Estatal,432,1,,,,
250413d2982f1f83aa62a3a323cd2a87,Federation,Federacion Ecom - Federacion De Entidades De Personas Con Discapacidad Fisica,"Calle German Perez Carrasco, 65",40.436857,-3.642721099999999,Local,28027,Madrid,Ciudad Lineal,Quintana,G08803801,2011-02-21T00:00:00Z,934515550,,,De Salud Y Apoyo Mutuo,Estatal,,9,,,,
cb70ab375662576bd1ac5aaf16b3fca4,Federation,Federacion De Casas Regionales En Madrid,"Calle Hexagonos, S/n",40.4125075,-3.7416013,Recinto Ferial Casa De Campo,28011,Madrid,Moncloa-Aravaca,Casa De Campo,V28930287,1988-04-10T00:00:00Z,913166216,,,Culturales Y Casas Regionales,Comunidad De Madrid,53280,27,,,,
d254c8a084d4545bd80577481aa03076,Federation,Federacion Madrileña De Escultismo (f.M.E.),"Calle Hortaleza, 19",40.42160579999999,-3.7003533,1º Izq,28004,Madrid,Hortaleza,Valdefuentes,G82839762,2010-02-24T00:00:00Z,914294321,info@madridscout.org,http://www.madridscout.org,Juveniles,Comunidad De Madrid,6150,2,,,,
619205da514e83f869515c782a328d3c,Federation,Federacion Scout Regional De Madrid,"Avenida Ciudad De Barcelona, 208",40.3997274,-3.6723126,1º A,28007,Madrid,Retiro,Adelfas,G80727225,2009-12-11T00:00:00Z,914615591,oficinafsrm@gmail.com,http://federacionscoutregionaldemadrid.com,Juveniles,Comunidad De Madrid,321,4,,,,
6211080fa89981f66b1a0c9d55c61d0f,Federation,Asociacion De Empresarios De La Pequeña Y Mediana Empresa De Villaverde - Usera (facovu),"Avenida Orovilla, 54",40.3586382,-3.6901373,Semillero De Empresas De Villaverde,28041,Madrid,Villaverde,Los Rosales,G83915421,2009-08-07T00:00:00Z,917160620,,,"Comerciantes,empresarios,profesionales Y Autónomos",Distrito,540,8,,,,
ffedf5be3a86e2ee281d54cdc97bc1cf,Federation,Union De Federaciones Deportivas Madrileñas (ufedema),"Calle Castello, 107",40.4353352,-3.680824899999999,1º B,28006,Madrid,Salamanca,Castellana,G79163721,2009-01-07T00:00:00Z,915621232,ufedema@ufedema.es,http://www.ufedema.com,Deportivas,Comunidad De Madrid,3,57,,,,
80537a945c7aaa788ccfcdf1b99b5d8f,Federation,Asociacion Madrileña De Empresas De Insercion (amei),"Calle Montera, 10",40.4175612,-3.702565899999999,"12, 2º 6ª",28013,Madrid,Centro,Sol,G81181380,2009-03-06T00:00:00Z,915220843,amei@amei.es,http://www.amei.es,"Comerciantes,empresarios,profesionales Y Autónomos",Comunidad De Madrid,8,8,,,,
f6c79f4af478638c39b206ec30ab166b,Federation,Confederacion Nacional De Mujeres En Igualdad,"Calle Arroyo Del Olivar, 162",40.3881869,-3.6518792,Local Puerta De Calle,28018,Madrid,Puente De Vallecas,Portazgo,G80409105,2009-02-27T00:00:00Z,915577071,info@mujeresenigualdad.com,http://www.mujeresenigualdad.com,De Mujeres,Estatal,10633,29,,,,
487d4c6a324446b3fa45b30cfcee5337,Federation,Federacion De Comercio Agrupado Y Mercados De La Comunidad De Madrid - Cocam,"Calle Conde De Torralba, 11",40.4784309,-3.6849439,1ª Planta,28046,Madrid,Chamartin,Castilla,G83185314,2009-02-17T00:00:00Z,914754148,gerenciacocam@comerciomadrid.org,http://comerciomadrid.org,"Comerciantes,empresarios,profesionales Y Autónomos",Comunidad De Madrid,1442,20,,,,
2a8a812400df8963b2e2ac0ed01b07b8,Federation,Federacion De Asociaciones De Familias Y Mujeres Del Medio Rural De La Comunidad De Madrid - Federacion Afammer Comunidad De Madrid,"Calle Oviedo, 30",40.448746,-3.6989758,Bajo,28020,Madrid,Tetuan,Cuatro Caminos,G85603322,2009-09-02T00:00:00Z,918158449,,,De Mujeres,Comunidad De Madrid,747,1,,,,
f3d9de86462c28781cbe5c47ef22c3e5,Federation,Federacion Catolica Española De Servicios A La Juventud Femenina (acisjf),"Calle Ramos Carrion, 9",40.4466139,-3.668543,Sotano A,28002,Madrid,Chamartin,Prosperidad,V28596534,2009-12-01T00:00:00Z,914130482,comunicacion@federacionacisjf.com,http://www.federacionacisjf.com,Otras De Acción Social,Estatal,31,1,,,,
01894d6f048493d2cacde3c579c315a3,Federation,Plataforma De Asociaciones De Tetuan,"Calle Mundillo, 6",40.4653888,-3.6963103,,28029,Madrid,Tetuan,Valdeacederas,G84358340,2009-12-01T00:00:00Z,913151112,almenara@radioalmenara.net,,Otras De Acción Social,Distrito,,,,,,
1368ba1ab6ed38bb1f26f36673739d54,Federation,"Confederacion De Empresarios De Comercio Minorista, Autonomos Y De Servicios De La Comunidad De Madrid - Cecoma","Calle Diego De Leon, 58",40.4343597,-3.6771202,1º Izq,28006,Madrid,Salamanca,Lista,G79415089,2008-12-15T00:00:00Z,913093016,,http://www.cecoma.org,"Comerciantes,empresarios,profesionales Y Autónomos",Comunidad De Madrid,35000,43,,,,
e45823afe1e5120cec11fc4c379a0c67,Federation,Confederacion General De La Pequeña Y Mediana Empresa Del Estado Español - Copyme,"Paseo Infanta Isabel, 17",40.4069569,-3.6874172,Local,28014,Madrid,Retiro,Jeronimos,G28613792,2008-07-11T00:00:00Z,914350612,confederacion@copyme.es,http://www.copyme.es,"Comerciantes,empresarios,profesionales Y Autónomos",Estatal,6123,22,,,,
5249ee8e0cff02ad6b4cc0ee0e50b7d1,Federation,Confederacion Del Comercio Especializado De La Comunidad De Madrid - Cocem,"Calle Alberto Aguilera, 66",40.4308283,-3.7151318,1º Dcha,28015,Madrid,Chamberi,Gaztambide,G83517748,2008-06-11T00:00:00Z,918285707,presidencia@cocem.es,http://www.cocem.es,"Comerciantes,empresarios,profesionales Y Autónomos",Comunidad De Madrid,20000,14,,,,
2cad8fa47bbef282badbb8de5374b894,Federation,Federacion De Centros Juveniles Valdoco,"Calle Marques De La Valdavia, 2",40.4062522,-3.6962292,1º,28012,Madrid,Arganzuela,Palos De Moguer,G79462032,2008-08-01T00:00:00Z,911109140,valdoco@valdoco.org,http://www.valdoco.org,Juveniles,Estatal,2485,12,,,,
978d76676f5e7918f81d28e7d092ca0d,Federation,Federacion De Plataformas Sociales Pinardi,"Calle Marques De La Valdavia, 2",40.4062522,-3.6962292,,28012,Madrid,Arganzuela,Palos De Moguer,G83169524,2008-08-01T00:00:00Z,914681252,pinardi@pinardi.com,http://www.pinardi.com,Otras De Acción Social,Estatal,150,4,,,,
a1d7311f2a312426d710e1c617fcbc8c,Federation,Federacion De Empresarios De La Comunidad De Madrid - Fedecam,"Calle Arroyo De La Elipa, 12",40.4319447,-3.6434516,Local 2,28017,Madrid,Ciudad Lineal,Pueblo Nuevo,G82734724,2008-08-01T00:00:00Z,913680404,info@fedecam.es,http://www.fedecam.es,"Comerciantes,empresarios,profesionales Y Autónomos",Comunidad De Madrid,10000,43,,,,
a03fa30821986dff10fc66647c84c9c3,Federation,Comite De Entidades Representantes De Personas Con Discapacidad De La Comunidad Autonoma De Madrid - Cermi,"Calle Prim, 3",40.4220662,-3.694831699999999,3º Despacho 321,28004,Madrid,Centro,Justicia,G82698846,2008-08-01T00:00:00Z,915229265,cermimadrid@cermimadrid.org,http://www.cermimadrid.org,De Salud Y Apoyo Mutuo,Comunidad De Madrid,103000,10,,,,
584b98aac2dddf59ee2cf19ca4ccb75e,Federation,Union De Radios Libres Y Comunitarias De Madrid,"Calle Magnolias, 35",40.468715,-3.6923836,,28029,Madrid,Tetuan,Almenara,G81420093,2007-03-07T00:00:00Z,911410643,urcm.mariano@gmail.com,http://www.urcm.net,Culturales Y Casas Regionales,Comunidad De Madrid,502,6,,,,
8d8818c8e140c64c743113f563cf750f,Federation,Federacion Madrileña De Asociaciones De Padres Y Amigos De Los Sordos - Femapas,"Calle Martinez Izquierdo, 80",40.43513129999999,-3.6629612,Local,28028,Madrid,Salamanca,Guindalera,G82687260,2007-03-22T00:00:00Z,913558964,,,De Salud Y Apoyo Mutuo,Comunidad De Madrid,395,2,,,,
06964dce9addb1c5cb5d6e3d9838f733,Federation,"Femas - Federacion Madrileña De Federaciones Y Asociaciones De Prejubilados, Jubilados Y Pensionistas","Calle Montera, 34",40.4191302,-3.7018546,1º - 3,28013,Madrid,Centro,Sol,G83928861,2007-02-19T00:00:00Z,915239881,,,"De Personas Mayores, Jubiladas Y Pensionistas",Estatal,1083,1,,,,
6f2688a5fce7d48c8d19762b88c32c3b,Federation,Federacion De Africanos En El Mundo - Fam,"Calle Puerto De Somiedo, 21",40.3888615,-3.6485536,Bajo A,28038,Madrid,Puente De Vallecas,Portazgo,G84855543,2006-11-14T00:00:00Z,648975968,,,De Inmigrantes,Estatal,311,3,,,,
8d55a249e6baa5c06772297520da2051,Federation,Federacion De Asociaciones De Rumanos En España - Fedrom,"Calle Wad-ras, 19",40.4557784,-3.7080548,Bajo,28039,Madrid,Puente De Vallecas,Entrevias,G84130517,2006-10-25T00:00:00Z,913982336,,,De Inmigrantes,Estatal,,8,,,,
29530de21430b7540ec3f65135f7323c,Federation,Federacion De Asociaciones De Distrofias Hereditarias De Retina De España Farpe,"Calle Montera, 24",40.4185112,-3.7019337,4º J,28013,Madrid,Centro,Sol,G79386348,2006-10-25T00:00:00Z,915320707,farpe@retinosisfarpe.org,http://www.retinosisfarpe.org,De Salud Y Apoyo Mutuo,Estatal,600,1,,,,
e1314fc026da60d837353d20aefaf054,Federation,Federacion De Asociaciones De Mujeres Concepcion Arenal,"Plaza Cortes, 4",40.4159034,-3.6955958,4º Dcha,28014,Madrid,Centro,Cortes,G80825524,2006-05-06T00:00:00Z,913555462,,,De Mujeres,Estatal,262,1,,,,
c164bbc9d6c72a52c599bbb43d8db8e1,Federation,Federacion Estatal De Asociaciones De Inmigrantes Y Refugiados En España - Ferine,"Calle Navarra, 35",40.4536051,-3.7054571,Local,28039,Madrid,Tetuan,Bellas Vistas,G84548825,2006-04-21T00:00:00Z,911539953,,http://www.ferine.es,De Inmigrantes,Estatal,440,30,,,,
f5c3dd7514bf620a1b85450d2ae374b1,Federation,Federacion De Usuarios-consumidores Independientes De La Comunidad De Madrid - Cicm,"Calle Joaquin Costa, 61",40.441164,-3.6809392,Bj. Dcha,28002,Madrid,Chamartin,El Viso,G79453916,2006-02-21T00:00:00Z,915640118,fuciest@hotmail.com,http://www.fucimadrid.es,De Personas Consumidoras Y Usuarias,Comunidad De Madrid,4761,3,,,,
d1e946f4e67db4b362ad23818a6fb78a,Federation,Union De Cooperativas De Consumidores Y Usuarios De Madrid - Uncuma,"Calle Ancora, 10",40.40280629999999,-3.6924793,1º B,28045,Madrid,Ciudad Lineal,Quintana,F28582435,2006-02-17T00:00:00Z,635543582,presidencia@uncuma.coop,http://www.uncuma.coop.,De Personas Consumidoras Y Usuarias,Comunidad De Madrid,21267,6,,,,
442cde81694ca09a626eeddefd1b74ca,Federation,Fevocam-plataforma De Entidades De Voluntariado De La Comunidad Autonoma De Madrid,"Calle Melquiades Biencinto, 7",40.3971796,-3.669018,3ª Planta,28053,Madrid,Puente De Vallecas,San Diego,V80630957,2005-02-11T00:00:00Z,915410436,info@fevocam.org,http://www.fevocam.org,Otras De Acción Social,Comunidad De Madrid,144265,67,,,,
515ab26c135e92ed8bf3a594d67e4ade,Federation,Federacion Union Civica Nacional De Consumidores Y Amas De Hogar De España - Unae,"Calle Villanueva, 8",40.4225496,-3.6892167,3º,28001,Madrid,Salamanca,Recoletos,G78405768,2005-09-26T00:00:00Z,915757219,jrlozano64@yahoo.es,http://www.federacionunae.com,De Personas Consumidoras Y Usuarias,Comunidad De Madrid,10712,2,,,,
6a81681a7af700c6385d36577ebec359,Federation,Agrupacion De Desarrollo Los Molinos,"Calle Andres Mellado, 10",40.4313446,-3.7143379,Bajo D,28015,Madrid,Chamberi,Gaztambide,G83347088,2005-07-13T00:00:00Z,915912336,coordinacion@admolinos.org,http://www.admolinos.org,Otras De Acción Social,Estatal,90,1,,,,
a0f3601dc682036423013a5d965db9aa,Federation,Federacion De Alcoholicos De La Comunidad De Madrid,"Paseo Delicias, 65",40.3986575,-3.6939817,"Bloq A, Esc. 1, Ofic. 1",28045,Madrid,Arganzuela,Delicias,G78431764,2005-06-28T00:00:00Z,639205084,facoma1986@outlook.com,https://facoma.org/,De Salud Y Apoyo Mutuo,Comunidad De Madrid,220,4,,,,
faafda66202d234463057972460c04f5,Federation,Asde Exploradores De Madrid,"Calle Hortaleza, 19",40.42160579999999,-3.7003533,1º Izq.,28004,Madrid,Centro,Justicia,G78617362,2005-05-13T00:00:00Z,915219158,edm@exploradoresdemadrid.org,http://www.exploradoresdemadrid.org,Juveniles,Comunidad De Madrid,3903,32,,,,
076023edc9187cf1ac1f1163470e479a,Federation,Federacion Independiente De Asociaciones De Vecinos De La Comunidad De Madrid - Fiavecam,"Calle Velero, 19",40.4532816,-3.5935518,,28042,Madrid,Barajas,Alameda De Osuna,G84199017,2005-04-21T00:00:00Z,913249830,fiavecam@gmail.com,,Vecinales,Comunidad De Madrid,1378,3,,,,
d961e9f236177d65d21100592edb0769,Federation,Federacion Injucam Para La Promocion De La Infancia Y La Juventud,"Calle Carpinteria, 12",40.4257587,-3.6217941,1ª Planta,28037,Madrid,San Blas-Canillejas,Amposta,G82237827,2005-03-17T00:00:00Z,913240954,gestion@injucam.org,http://www.injucam.org,Infantiles,Comunidad De Madrid,850,18,,,,
596f713f9a7376fe90a62abaaedecc2d,Federation,Confederacion De Asociaciones De Consumidores Y Usuarios De La Comunidad De Madrid - Cecu Madrid,"Calle Cava Baja, 30",40.4122855,-3.7095033,,28005,Madrid,Centro,Palacio,G80684004,2005-11-03T00:00:00Z,913640276,info@cecumadrid.org,http://www.cecumadrid.org,De Personas Consumidoras Y Usuarias,Comunidad De Madrid,2564,4,,,,
fe70c36866add1572a8e2b96bfede7bf,Federation,Federacion De Mujeres Progresistas,"Calle Ribera De Curtidores, 3",40.409631,-3.7071221,,28005,Madrid,Centro,Embajadores,G78764966,2004-09-29T00:00:00Z,915390238,notificaciones@fmujeresprogresistas.org,http://www.fmujeresprogresistas.org,De Mujeres,Estatal,407,18,,,,
01d8bae291b1e4724443375634ccfa0e,Federation,Federacion Española De Enfermedades Raras - Feder,"Calle Doctor Castelo, 49",40.4203172,-3.6711774,1ª Planta,28009,Madrid,Retiro,Ibiza,G91018549,2004-09-15T00:00:00Z,915334008,proyectos@enfermedades-raras.org,http://www.enfermedades-raras.org,De Salud Y Apoyo Mutuo,Estatal,65761,117,,,,
c26820b8a4c1b3c2aa868d6d57e14a79,Federation,Federacion De Asociaciones De Personas Con Discapacidad Fisica Y Organica De La Comunidad De Madrid. Famma-cocemfe Madrid,"Calle Galileo, 69",40.437013,-3.710472199999999,Bajo Derecha,28015,Madrid,Chamberi,Arapiles,G78875408,2001-06-09T00:00:00Z,915933550,gestioninterna@famma.org,http://www.famma.org,De Personas Con Discapacidad,Comunidad De Madrid,10751,25,,,,
28e209b61a52482a0ae1cb9f5959c792,Federation,Federacion De Grupos De Teatro Aficionado Y Amateur De La Comunidad De Madrid (fetam),"Plaza España, 6",40.4226402,-3.7119838,1ª Planta,28008,Madrid,Centro,Palacio,V82233974,2001-12-03T00:00:00Z,649745076,fetam@fetam.es,http://www.fetam.es,Culturales Y Casas Regionales,Comunidad De Madrid,170,16,,,,
242c100dc94f871b6d7215b868a875f8,Federation,Federacion De Asociaciones Extremeñas En La Comunidad De Madrid,"Calle Gran Via, 59",40.4220172,-3.7090772,4º C,28013,Madrid,Centro,Palacio,V79110029,1999-12-23T00:00:00Z,,faecam@faecam.es,http://www.faecam.com,Culturales Y Casas Regionales,Comunidad De Madrid,1845,9,,,,
bb04af0f7ecaee4aae62035497da1387,Federation,Federacion De Asociaciones De Vallecas Todo Cultura,"Calle La Diligencia, 19",40.383635,-3.6534126,Local B,28018,Madrid,Puente De Vallecas,Palomeras Bajas,G79918793,1999-09-15T00:00:00Z,917770760,vtc@vallecastodocultura.org,http://www.vallecastodocultura.org,Culturales Y Casas Regionales,Municipio,700,8,,,,
f7cade80b7cc92b991cf4d2806d6bd78,Federation,Federacion De Comunidades Originarias De Castilla-la Mancha En La Comunidad De Madrid,"Calle Paz, 4",40.4154651,-3.7042353,1ª Planta,28012,Madrid,Centro,Sol,G80405368,1998-08-06T00:00:00Z,915227278,olgaalberca338@gmail.com,http://www.casaclmmadrid.org,Culturales Y Casas Regionales,Comunidad De Madrid,700,2,,,,
