id,type,name,address,latitude,longitude,detail,zip_code,city,district,subdistrict,tax_code,register_date,phone,email,website,category,geographical_scope,num_affiliates,assoc_affiliated,belongs_to_id1,belongs_to_id2,belongs_to_id3,belongs_to_id4
12092a75caa75e4644fd2869f0b6c45a,Foundation,Fundacion Masnatur,"Calle Ferraz,55",40.429982,-3.7214953,Local,28008,Madrid,Moncloa-Aravaca,Arguelles,G81791147,2018-06-29T00:00:00Z,915474035,fundacion@masnatur.org,http://www.masnatur.org,De Personas Con Discapacidad,Estatal,3,, ,,,
e1fc9c082df6cfff8cbcfff2b5a722ef,Foundation,Fundacion Ampao,"Calle Nuñez Morgado,4",40.46839629999999,-3.685121,1º - 11,28036,Madrid,Chamartin,Castilla,G82382482,2018-07-23T00:00:00Z,639846835,ampao@fundacionampao.com,http://www.fundacionampao.org,De Salud Y Apoyo Mutuo,Comunidad De Madrid,28,, ,,,
13d63838ef1fb6f34ca2dc6821c60e49,Foundation,Fundacion Acobe,"Calle Virgen Del Sagrario,19",40.4373786,-3.6506484,Bajo Dcha,28027,Madrid,Ciudad Lineal,Concepcion,G85933984,2018-07-24T00:00:00Z,914049502,acobe@acobe.org,http://www.acobe.org,De Inmigrantes,Estatal,19144,, ,,,
51e6d6e679953c6311757004d8cbbba9,Foundation,Fundacion Ser,"Calle Marques De Urquijo,47",40.4288,-3.721178,,28008,Madrid,Moncloa-Aravaca,Arguelles,G82725516,2018-08-17T00:00:00Z,915547443,fundacion-ser@fundacion-ser.org,,De Personas Con Discapacidad,Estatal,70,, ,,,
73fed7fd472e502d8908794430511f4d,Foundation,Fundación Esplai Ciudadania Comprometida,"Calle La Latina,21",40.40066119999999,-3.7509673,Local 13,28047,Madrid,Latina,Lucero,G62090535,2018-08-20T00:00:00Z,911681686,fundacion@fundacionesplai.org,,Otras De Acción Social,Estatal,4,, ,,,
735143e9ff8c47def504f1ba0442df98,Foundation,Fundación Arraigo Carlos Ara,"Calle Vieja De Pinto,14",40.3477281,-3.7089293,,28021,Madrid,Villaverde,Villaverde Alto C.H.,G87433991,2018-08-17T00:00:00Z,682244821,alfredomartin@ancesmei.com,http://fundacionarraigo.org,De Inmigrantes,Comunidad De Madrid,3,, ,,,
2974788b53f73e7950e8aa49f3a306db,Foundation,Fundacion Al Fanar Para El Conocimiento Arabe,"Calle Colmenares,5",40.4205694,-3.6970138,4º Izq,28004,Madrid,Centro,Justicia,G86392776,2018-08-17T00:00:00Z,649635528,contacto@fundacionalfanar.org,http://www.fundacionalfanar.org,Culturales Y Casas Regionales,Estatal,5,, ,,,
e91068fff3d7fa1594dfdf3b4308433a,Foundation,Fundacion Iniciativas Sur,"Plaza Asociacion,1",40.3697225,-3.7081405,,28041,Madrid,Usera,Orcasitas,G80663347,2018-08-20T00:00:00Z,913412698,gerencia@iniciativassur.com,,Otras De Acción Social,Comunidad De Madrid,8,, ,,,
b071cfa81605a94ad80cfa2bbc747448,Foundation,Fundacion Ademo,"Calle Hacienda De Pavones,328",40.4003301,-3.6382839,,28030,Madrid,Moratalaz,Fontarron,G82047879,2018-08-21T00:00:00Z,917723500,gerencia@fundacionademo.org,http://www.ademo.org,De Personas Con Discapacidad,Comunidad De Madrid,7,, ,,,
966b6dfb6b0819cc10644bea3115cf20,Foundation,Fundacion Tomillo,"Calle Albuñuelas,15",40.3659768,-3.6980386,,28041,Madrid,Usera,Orcasur,G28979136,2018-08-22T00:00:00Z,913698201,proyectos.sociales@tomillo.org,http://www.tomillo.org,Otras De Acción Social,Estatal,12,, ,,,
944a5ae3483ed5c1e10bbccb7942a279,Foundation,Fundacion Exit,"Calle Serrano Anguita,13",40.4276989,-3.699074899999999,,28004,Madrid,Centro,Justicia,G62203047,2018-12-09T00:00:00Z,913551970,saradilullo@fundacionexit.org,,Juveniles,Estatal,33,, ,,,
c7b90b0fc23725f299b47c5224e6ec0d,Foundation,Fundacion Cultura Islamica,"Calle Guzman El Bueno,3",40.4307905,-3.7136441,2º Dcha,28015,Madrid,Chamberi,Gaztambide,G79545547,2018-12-09T00:00:00Z,915434673,info@funci.org,http://www.funci.org,Culturales Y Casas Regionales,Estatal,8,, ,,,
6c91724b896cdcf48285039ab05b3aaf,Foundation,Fundacion Privada Madrid Contra La Esclerosis Multiple (femm),"Avenida Asturias,35",40.4689724,-3.6955748,Local,28029,Madrid,Tetuan,Almenara,G82400284,2018-12-09T00:00:00Z,913993245,proyectos@femmadrid.org,http://www.femmadrid.org,De Salud Y Apoyo Mutuo,Comunidad De Madrid,1300,, ,,,
7535bbb91c8fde347ad861f293126633,Foundation,Fundacion Rayo Vallecano,"Calle Rayo Vallecano De Madrid,2",40.3769632,-3.6124013,,28051,Madrid,Villa Vallecas,Ensanche De Vallecas,G82999582,2018-09-19T00:00:00Z,917570551,informacion@fundacionrayovallecano.es,,Deportivas,Estatal,5,, ,,,
87f7ee4fdb57bdfd52179947211b7ebb,Foundation,Fundacion Itaka Escolapios,"Calle Camarena,149",40.3897929,-3.7544996,,28047,Madrid,Latina,Aluche,G95146841,2018-09-10T00:00:00Z,636547778,sedemadrid@itakaescolapios.org,,Infantiles,Estatal,1145,, ,,,
0e7c7d6c41c76b9ee6445ae01cc0181d,Foundation,Fundación Grandes Amigos En Acción,"Calle Embajadores,206",40.3910439,-3.6932683,1º C,28045,Madrid,Arganzuela,Legazpi,G83625509,2018-09-10T00:00:00Z,913599305,info@amigosdelosmayores.org,,De Salud Y Apoyo Mutuo,Estatal,1054,, ,,,
7d2be41b1bde6ff8fe45150c37488ebb,Foundation,Fundacion Sindrome De Down De Madrid,"Calle Memorial 11 De Marzo De 2004,15",40.4570185,-3.6750005,,28016,Madrid,Chamartin,Castilla,G81854283,2018-09-10T00:00:00Z,913105364,fsdownmadrid@downmadrid.org,http://downmadrid.org,De Personas Con Discapacidad,Comunidad De Madrid,3055,, ,,,
0dbb3fb9a5cd1d5f8a9075b5bb8070aa,Foundation,Fundacion Amigo,"Calle Zacarias Homs,18",40.4616058,-3.6562046,,28043,Madrid,Hortaleza,Canillas,G81454969,2018-09-10T00:00:00Z,913002385,accionsocial@fundacionamigo.org,http://www.fundacionamigo.org,Familias,Estatal,125,, ,,,
7288251b27c8f0e73f4d7f483b06a785,Foundation,Fundacion Carlos Martin,"Avenida Rafael Alberti,4",40.3915276,-3.6383461,,28038,Madrid,Puente De Vallecas,Palomeras Sureste,G82736323,2018-10-19T00:00:00Z,913807370,fcm@fundacioncarlosmartin.com,,De Personas Con Discapacidad,Comunidad De Madrid,7,, ,,,
cf1cf43cba274ae7f413e864682b80f8,Foundation,Fundacion Deporte Base,"Calle Arcos De Jalon,20",40.420519,-3.6219781,Planta 3ª,28037,Madrid,San Blas-Canillejas,Arcos,G82696006,2018-10-19T00:00:00Z,913062694,info@deportebase.org,http://www.deportebase.org,Deportivas,Estatal,5,, ,,,
da9e6a4a4aeca98588e4dd77ceb37695,Foundation,Fundacion Red De Apoyo A La Integracion Sociolaboral (rais),"Calle Ardemans,42",40.43511669999999,-3.6730081,,28028,Madrid,Salamanca,Guindalera,G83207712,2018-10-19T00:00:00Z,917251726,proyectos@raisfundacion.org,https://hogarsi.org/,Otras De Acción Social,Estatal,837,, ,,,
b87470782489389f344c4fa4ceb5260c,Foundation,Fundacion Amanecer,"Calle Matilde Diez,8",40.4458304,-3.6738317,,28002,Madrid,Chamartin,Ciudad Jardin,G28575348,2018-10-29T00:00:00Z,637059821,plaboralamanecer@yahoo.es,,De Personas Con Discapacidad,Estatal,5,, ,,,
c5f5c23be1b71adb51ea9dc8e9d444a8,Foundation,Fundacion Voces Para La Conciencia Y El Desarrollo,"Calle Torpedero Tucuman,33",40.4638683,-3.6714684,,28016,Madrid,Chamartin,Nueva España,G85867521,2018-11-28T00:00:00Z,637751168,c.soriano@voces.org.es,http://voces.org.es,Para La Cooperación Al Desarrollo,Estatal,8,, ,,,
e6ba70fc093b4ce912d769ede1ceeba8,Foundation,Fundacion Taller De Solidaridad,"Calle Lope De Rueda,46",40.4192744,-3.6778423,2º E,28009,Madrid,Retiro,Ibiza,G83105783,2018-12-18T00:00:00Z,915359558,proyectos@tallerdesolidaridad.org,,Para La Cooperación Al Desarrollo,Estatal,10,, ,,,
285a25c17f351708754cdb6d56f3962e,Foundation,Fundacion Gestion Y Participacion Social,"Calle Javier De Miguel,92",40.3851504,-3.6572793,"Esc 2, Bajo 5",28018,Madrid,Puente De Vallecas,Palomeras Bajas,G83300194,2019-11-01T00:00:00Z,910611195,fgps@asociaciones.org,http://www.asociaciones.org,Familias,Estatal,3,, ,,,
f11bec1411101c743f64df596773d0b2,Foundation,Fundacion Del Lesionado Medular,"Camino Valderribas,115",40.3945701,-3.6560944,,28038,Madrid,Puente De Vallecas,Numancia,G81842130,2019-11-01T00:00:00Z,917775544,administracion@medular.org,http://www.medular.org,De Personas Con Discapacidad,Comunidad De Madrid,,, ,,,
630b7d8dd49a0bab667498f287d68c16,Foundation,Fundacion Dilaya,"Calle Ponzano,63",40.44214909999999,-3.6991425,"Esc 2, 1º A",28003,Madrid,Chamberi,Rios Rosas,G87074662,2019-02-18T00:00:00Z,616763796,cooperacion@fundaciondilaya.org,http://www.fundaciondilaya.org,Para La Cooperación Al Desarrollo,Estatal,352,, ,,,
67606d48e361ce176ca71fd54fcf4286,Foundation,Fundacion Pro Derechos Humanos Miguel Angel Blanco,"Calle Mantuano,51",40.4483731,-3.6764618,,28002,Madrid,Chamartin,Ciudad Jardin,G81909012,2019-02-18T00:00:00Z,914203253,coordinacion@fmiguelangelblanco.es,,De Derechos Humanos,Estatal,4,, ,,,
69f357fcc8e6d119f3d95f33cedb5915,Foundation,Fundacion Mayores De Hoy,"Calle Poeta Joan Maragall,56",40.4625653,-3.6913114,7º D,28020,Madrid,Tetuan,Castillejos,G87243127,2019-02-21T00:00:00Z,913734750,info@fundacionmayoresdehoy.org,,"De Personas Mayores, Jubiladas Y Pensionistas",Estatal,5,, ,,,
6a450490f238b4ddff085d66a916a206,Foundation,Fundacion Tengo Hogar,"Calle Marques De Urquijo,5",40.4303433,-3.7167222,5º B,28008,Madrid,Moncloa-Aravaca,Arguelles,G86939048,2019-06-03T00:00:00Z,917958204,info@fundaciontengohogar.org,http://fundaciontengohogar.org,Otras De Acción Social,Comunidad De Madrid,37,, ,,,
dd7970532bfa1449085b8f43fc39a7d5,Foundation,"Fundacion Cepaim, Accion Integral Con Migrantes","Calle Nicolas Morales,11",40.3906435,-3.7306169,3º D,28019,Madrid,Carabanchel,San Isidro,G73600553,2019-01-04T00:00:00Z,647411577,info@cepaim.org,http://www.cepaim.org,Otras De Acción Social,Estatal,12,, ,,,
4f11b55f57612f06fe9638b99f6c66e6,Foundation,Fundacion Secretariado Gitano,"Calle Ahijones,s/n",40.3782105,-3.6581214,,28018,Madrid,Puente De Vallecas,Palomeras Bajas,G83117374,2019-04-22T00:00:00Z,914220960,fsg@gitanos.org,,Otras De Acción Social,Estatal,810,, ,,,
d0aa518d4d3bfc721aa0b8ab4ef32269,Foundation,Fundacion Alas Madrid,"Calle Encomienda De Palacios,235",40.3976731,-3.6354247,,28030,Madrid,Moratalaz,Pavones,G79466553,2019-05-14T00:00:00Z,917724300,administracion@alasmadrid.org,http://www.alasmadrid.org,De Personas Con Discapacidad,Comunidad De Madrid,9,, ,,,
30a237d18c50f563cba4531f1db44acf,Foundation,Fundacion Benefica San Martin De Porres,"Calle Via Carpetana,47",40.39879010000001,-3.7332751,Bajo,28047,Madrid,Carabanchel,San Isidro,G28763712,2019-05-14T00:00:00Z,616185767,fundacion@fundacionsmp.org,http://www.fundacionsmp.org,Otras De Acción Social,Comunidad De Madrid,3,, ,,,
9627c45df543c816a3ddf2d8ea686a99,Foundation,Fundacion World Vision Internacional,"Calle Javier Ferrero,10",40.4484627,-3.670441,,28002,Madrid,Chamartin,Ciudad Jardin,G83006726,2019-04-29T00:00:00Z,913545020,leticia.delarica@wveu.org,,Para La Cooperación Al Desarrollo,Estatal,8,, ,,,
2b346a0aa375a07f5a90a344a61416c4,Foundation,Fundacion Asispa,"Calle Martinez Villergas,6",40.4399184,-3.6515924,,28027,Madrid,Ciudad Lineal,San Pascual,G85736668,2019-04-25T00:00:00Z,911950095,fundacion@fundacionasispa.org,,Otras De Acción Social,Estatal,5,, ,,,
f92586a25bb3145facd64ab20fd554ff,Foundation,Fundacion El Buen Samaritano,"Calle Matilde Hernandez,97",40.3862556,-3.7375535,Aprox. 99,28025,Madrid,Carabanchel,Vista Alegre,G82184615,2019-08-13T00:00:00Z,679073439,luis.sanchez@fundacionbuensamaritano.es,http://fundacionbuensamaritano.es,Otras De Acción Social,Estatal,6,, ,,,
7553e94d39fd4649ff75386a83ed3789,Foundation,Fundacion Betesda,"Avenida Gran Via De Hortaleza,27",40.4676856,-3.6504821,,28043,Madrid,Hortaleza,Pinar Del Rey,G81111502,2019-08-19T00:00:00Z,913882501,fundacion@fundacionbetesda.org,http://www.fundacionbetesda.org,De Personas Con Discapacidad,Comunidad De Madrid,10,, ,,,
56e6a93212e4482d99c84a639d254b67,Foundation,Fundacion Aucavi (autismo Calidad De Vida),"Calle Ricardo Ortiz,29",40.4276334,-3.6579275,3º,28017,Madrid,Ciudad Lineal,Ventas,G83848713,2019-08-23T00:00:00Z,636365367,administracion@fundacionaucavi.org,,De Personas Con Discapacidad,Comunidad De Madrid,3,, ,,,
d8c24ca8f23c562a5600876ca2a550ce,Foundation,Fundacion Kirira,"Calle Bravo Murillo,279",40.4601992,-3.698977,"Portal 1, 6º Izq,",28020,Madrid,Tetuan,Berruguete,G13470935,2019-10-25T00:00:00Z,608817929,kirira@fundacionkirira.es,,Para La Cooperación Al Desarrollo,Estatal,6,, ,,,
63ce12dcf1ede17589befd56bb5281a5,Foundation,Fundacion Mari Paz Jimenez Casado,"Calle Zigia,28",40.4389427,-3.6442956,,28027,Madrid,Ciudad Lineal,Quintana,G86630852,2019-11-27T00:00:00Z,677451146,info@fundacionmaripazjimenez.org,http://www.fundacionmaripazjimenez.org,Otras De Acción Social,Estatal,12,, ,,,
21ce689121e39821d07d04faab328370,Foundation,Fundacion Carmen Pardo-valcarce,"Calle Monasterio De Las Huelgas,15",40.5023583,-3.7091242,,28049,Madrid,Fuencarral-El Pardo,Mirasierra,G79571014,2020-01-15T00:00:00Z,616386639,joseluis.castro@alapar.org,,De Personas Con Discapacidad,Estatal,7,, ,,,
2e3d2c4f33a7a1f58bc6c81cacd21e9c,Foundation,Fundacion Naif - Nueva Ayuda Para La Infancia Y La Familia,"Calle Granada,41",40.4034922,-3.6761909,1º - 101,28007,Madrid,Retiro,Pacifico,G85606176,2020-07-01T00:00:00Z,620579074,a.perez@fundacionnaif.org,http://www.fundacionnaif.org,Infantiles,Comunidad De Madrid,138,, ,,,
cbf22ab286e2ad4900bdf5d6a2e47009,Foundation,Fundacion Adsis,"Calle Los Peñascales,14",40.4239543,-3.666067,Bajo Izquierda,28028,Madrid,Salamanca,Fuente Del Berro,G81436099,2020-01-24T00:00:00Z,606208200,madrid@fundacionadsis.org,http://www.fundacionadsis.org,Otras De Acción Social,Estatal,538,, ,,,
27e8e17134dd7083b050476733207ea1,Foundation,Fundacion Salud Y Naturaleza,"Calle Doctor Esquerdo,105",40.4151048,-3.669140999999999,,28007,Madrid,Retiro,Estrella,G84301423,2020-01-22T00:00:00Z,691059730,mar.garcia@fundaciontn.es,http://www.fundaciontn.es,"Comerciantes,empresarios,profesionales Y Autónomos",Estatal,11,, ,,,
4625d8e31dad7d1c4c83399a6eb62f0c,Foundation,Fundacion Amoverse,"Calle Geranios,30",40.4720449,-3.693426799999999,,28029,Madrid,Tetuan,Almenara,G83181925,2020-03-02T00:00:00Z,917335449,fundacionamoverse@jesuitas.es,,Infantiles,Estatal,9,, ,,,
5c151c2a9b76f9ef26d7e0f0d00c9a89,Foundation,Fundacion San Juan Del Castillo,"Calle Geranios,30",40.4720449,-3.693426799999999,,28029,Madrid,Tetuan,Almenara,G83666503,2020-01-27T00:00:00Z,652901834,fsanjuandelcastillo@jesuitas.es,,De Inmigrantes,Estatal,10,, ,,,
73f104c9fba50050eea11d9d075247cc,Foundation,Fundacion Economistas Sin Fronteras,"Calle Gaztambide,50",40.4369964,-3.7152613,,28015,Madrid,Chamberi,Gaztambide,G82316522,2020-01-29T00:00:00Z,915497279,ecosfron@ecosfron.org,,De Derechos Humanos,Municipio,260,, ,,,
1aa3d9c6ce672447e1e5d0f1b5207e85,Foundation,Fundacion Domingo Malagon,"Calle Carlos Sole,66",40.3917454,-3.6485021,,28038,Madrid,Puente De Vallecas,Portazgo,G82574666,2020-01-28T00:00:00Z,616034684,fundacion.domingomalagon@yahoo.es,,Culturales Y Casas Regionales,Comunidad De Madrid,8,, ,,,
e16e74a63567ecb44ade5c87002bb1d9,Foundation,Fundacion Prodis,"Bulevar Indalecio Prieto,2",40.4052142,-3.6197618,,28032,Madrid,Vicalvaro,Valdebernardo,G82622580,2020-01-28T00:00:00Z,6766355997,prodis@fundacionprodis.org,http://www.fundacionprodis.org,De Personas Con Discapacidad,Comunidad De Madrid,15,, ,,,
44feb0096faa8326192570788b38c1d1,Foundation,Fundacion Triangulo,"Calle Melendez Valdes,52",40.4331596,-3.71492,1º-d,28015,Madrid,Chamberi,Gaztambide,G81393548,2020-01-28T00:00:00Z,915930540,madrid@fundaciontriangulo.es,http://www.fundaciontriangulo.org,De Personas Lgtbi,Estatal,3,, ,,,
335d3d1cd7ef05ec77714a215134914c,Foundation,Fundacion Altius España,"Ronda Segovia,34",40.4078297,-3.7152598,Local,28005,Madrid,Arganzuela,Imperial,G83317610,2020-01-31T00:00:00Z,912224050,azarza@fundacionaltius.org,http://www.fundacionaltius.org,Otras De Acción Social,Estatal,450,, ,,,
4ecb679fd35dcfd0f0894c399590be1a,Foundation,Fundación Juan Xxiii-roncalli,"Avenida Gran Via Del Este,1",40.40279880000001,-3.5950625,,28032,Madrid,Vicalvaro,Valderrivas,G78280880,2020-01-30T00:00:00Z,603815857,mesperanza@fundacionjuan23.org,http://www.fundacionjuanxxiii.org,De Personas Con Discapacidad,Comunidad De Madrid,10,, ,,,
c157297d1a1ff043255bfb18530caaa2,Foundation,Fundacion Aprocor,"Calle Vicente Morales,5",40.4621442,-3.6358336,,28043,Madrid,Hortaleza,Piovera,G81985558,2020-01-30T00:00:00Z,913886367,administracion@fundacionaprocor.com,http://www.fundacionaprocor.org,De Personas Con Discapacidad,Estatal,8,, ,,,
42547f5a44d87da3bc40ee5d09624606,Foundation,Fundacion Abrazando Ilusiones,"Calle Narciso Serra,14",40.4049702,-3.6780513,4º B,28007,Madrid,Retiro,Pacifico,G87632964,2020-02-14T00:00:00Z,660684775,secretariaabrazandoilusiones@gmail.com,http://www.abrazandoilusiones.es,Otras De Acción Social,Estatal,4,, ,,,
41c542dfe6e4fc3deb251d64cf6ed2e4,Foundation,Fundacion Atilano Sanchez Sanchez,"Calle Pechuan,14",40.445334,-3.6759825,Planta Baja,28002,Madrid,Chamartin,Ciudad Jardin,G86258290,2020-02-14T00:00:00Z,910294422,info@fundacionfass.org,http://www.fundacionfass.org,"De Personas Mayores, Jubiladas Y Pensionistas",Estatal,3,, ,,,
5e7264477cf9b6b237a0d254cf0324e2,Foundation,Fundacion Inversion Duplicacion Del Cromosoma 15q,"Calle Camino Viejo De Leganes,146",40.3811871,-3.7313278,4º C,28025,Madrid,Carabanchel,Puerta Bonita,G87036893,2020-10-03T00:00:00Z,609124880,amorsal@cemad.es,,De Personas Con Discapacidad,Estatal,8,, ,,,
c911241d00294e8bb714eee2e83fa475,Foundation,Fundacion Pilares Para La Autonomia Personal,"Calle Rodriguez San Pedro,10",40.4317229,-3.7079313,3º C,28015,Madrid,Chamberi,Arapiles,G86020732,2020-07-24T00:00:00Z,911305228,pilares@fundacionpilares.org,,"De Personas Mayores, Jubiladas Y Pensionistas",Estatal,10,, ,,,
91e50fe1e39af2869d3336eaaeebdb43,Foundation,Fundacion Plan Internacional España,"Calle Pantoja,10",40.4475986,-3.6705876,,28002,Madrid,Chamartin,Ciudad Jardin,G82895475,2020-08-25T00:00:00Z,696728511,begona.solorzano@plan-international.org,http://plan-international.es/,Infantiles,Estatal,13,, ,,,
bca382c81484983f2d437f97d1e141f3,Foundation,Fundacion Accion Contra El Hambre,"Calle Duque De Sevilla,3",40.4418158,-3.679478,,28002,Madrid,Chamartin,El Viso,G81164105,2020-08-26T00:00:00Z,626252901,lgonzalez@achesp.org,,Otras De Acción Social,Estatal,73072,, ,,,
a292f1c5874b2be8395ffd75f313937f,Foundation,Fundacion De Estudios Socialistas Federico Engels,"Calle Hermanos Del Moral,33",40.3925198,-3.7211186,Bajo 3,28019,Madrid,Carabanchel,Opañel,G78772548,2020-08-26T00:00:00Z,629724830,libreria@fundacionfedericoengels.net,http://www.fundacionfedericoengels.net,Culturales Y Casas Regionales,Estatal,250,, ,,,
494c08f7a144d3cc4cfa661ed1244039,Foundation,Fundacion Balia Por La Infancia,"Calle Fereluz,44",40.4647223,-3.7007001,,28039,Madrid,Tetuan,Valdeacederas,G82920851,2020-09-15T00:00:00Z,667247076,info@fundacionbalia.org,http://www.fundacionbalia.org,Infantiles,Estatal,7,, ,,,
582967e09f1b30ca2539968da0a174fa,Foundation,Fundacion Gabeiras-legalmusic,"Paseo Pintor Rosales,82",40.4323639,-3.7246877,Bajo Izq,28008,Madrid,Moncloa-Aravaca,Arguelles,G87619110,2020-09-30T00:00:00Z,915215160,m.lorenzo@fundaciongabeiras.com,,Culturales Y Casas Regionales,Estatal,5,, ,,,
a6197a578fe7778e8d49a95ac425bcfc,Foundation,Fundacion Para La Accion Social Por La Musica,"Calle Moreto,10",40.4131649,-3.6904413,,28014,Madrid,Retiro,Jeronimos,G86780525,2021-01-21T00:00:00Z,651582435,administracion@fasm.es,,Juveniles,Estatal,8,, ,,,
4f8bc5ac1dc2b49434efe9e72f183de8,Foundation,"Fundacion Alianza Por Los Derechos, La Igualdad Y La Solidaridad Internacional","Calle Jaen,13",40.4505711,-3.7013367,Local,28020,Madrid,Tetuan,Cuatro Caminos,G78426558,2021-01-21T00:00:00Z,915986290,aps@aporsolidaridad.org,http://www.alianzaporlasolidaridad.org,De Derechos Humanos,Estatal,24,, ,,,
866d90e0921ac7b024b47d672445a086,Foundation,Fundacion Diversitas,"Calle General Alvarez De Castro,14",40.4352251,-3.7017506,1º D,28010,Madrid,Chamberi,Trafalgar,G86103355,2021-01-22T00:00:00Z,915943222,ignacio.sanguesa@fundaciondiversitasmadrid.org,http://www.fundaciondiversitasmadrid.org,Otras De Acción Social,Comunidad De Madrid,5,, ,,,
2ed80f6311c1825feb854d78fa969d34,Foundation,Fundacion Manantial,"Calle Poeta Esteban De Villegas,12",40.4080152,-3.680045,Bajo,28014,Madrid,Retiro,Jeronimos,G81237257,2021-01-02T00:00:00Z,913717292,manantial@fundacionmanantial.org,http://fundacionmanantial.org,De Personas Con Discapacidad,Estatal,8,, ,,,
c2c2a04512b35d13102459f8784f1a2d,Foundation,Fundacion Yehudi Menuhin España (fyme),"Avenida Ciudad De Barcelona,208",40.3997274,-3.6723126,1º A,28007,Madrid,Retiro,Adelfas,G82260282,2021-10-02T00:00:00Z,677305465,fyme@fundacionyehudimenuhin.org,http://www.fundacionyehudimenuhin.org,Infantiles,Estatal,715,, ,,,
fd5ac6ce504b74460b93610f39e481f7,Foundation,Fundacion Luz Casanova,"Calle Santa Engracia,11",40.429502,-3.6967564,,28010,Madrid,Chamberi,Trafalgar,G85130771,2021-11-02T00:00:00Z,914454169,proyectos@proyectosluzcasanova.org,http://www.proyectosluzcasanova.org,Otras De Acción Social,Estatal,7,, ,,,
3341f6f048384ec73a7ba2e77d2db48b,Foundation,Fundacion Deportiva Y Cultural Marathon,"Calle Fuencarral,139",40.4322079,-3.7041291,3º D,28010,Madrid,Chamberi,Trafalgar,G83926410,2021-02-18T00:00:00Z,696126313,info@fundacionmarathon.org,http://www.fundacionmarathon.org,Deportivas,Estatal,7,, ,,,
1597d21403f63da1bb0539592597a525,Foundation,Fundacion Odontologia Solidaria,"Calle Maria Teresa Leon,11",40.3632981,-3.5955171,,28051,Madrid,Villa Vallecas,Ensanche De Vallecas,G81833667,2021-05-27T00:00:00Z,938792479,odadmin@odsolidaria.org,http://www.odsolidaria.org,De Salud Y Apoyo Mutuo,Estatal,9,, ,,,
acff1af62d0f91f4be73f4857552d70c,Foundation,Fundacion Inclusive,"Calle Edgar Neville,28",40.4514414,-3.6964806,Bajo 3,28020,Madrid,Tetuan,Cuatro Caminos,G86627015,2021-05-28T00:00:00Z,917708090,inclusive@fundacioninclusive.org,http://www.fundacioninclusive.org,De Personas Con Discapacidad,Comunidad De Madrid,7,, ,,,
da21bae82c02d1e2b8168d57cd3fbab7,Foundation,Fundacion Talita Fundacion Privada Madrid,"Calle Emiliano Barral,7",40.4490822,-3.6608584,Local 6,28043,Madrid,Ciudad Lineal,San Juan Bautista,G85941359,2021-06-28T00:00:00Z,915630713,info@fundaciontalitamadrid.es,http://www.fundaciontalitamadrid.es,De Personas Con Discapacidad,Comunidad De Madrid,6,, ,,,
f51238cd02c93b89d8fbee5667d077fc,Foundation,Fundacion Pedro Zerolo,"Paseo Pintor Rosales,56",40.4298232,-3.722109999999999,2º Dcha,28008,Madrid,Moncloa-Aravaca,Arguelles,G88193206,2021-07-07T00:00:00Z,915498678,info@fundacionpedrozerolo.es,http://www.fundacionpedrozerolo.es,De Personas Lgtbi,Estatal,19,, ,,,
adf8d7f8c53c8688e63a02bfb3055497,Foundation,Fundacion Jose Maria De Llanos,"Calle Los Barros,11",40.3767149,-3.6679756,,28053,Madrid,Puente De Vallecas,Entrevias,G78511292,2021-09-15T00:00:00Z,917858955,fundacion@fundacionjosemariadellanos.es,http://www.fundacionjosemariadellanos.es,De Mujeres,Comunidad De Madrid,9,, ,,,
6693a7aacb8a2e74c6f5fe91bc39864b,Foundation,Fundacion Asam Familia - Salud Y Ayuda Mutua,"Calle Los Yebenes,241",40.3908522,-3.7501118,Planta Baja,28047,Madrid,Latina,Aluche,G86258399,2021-04-11T00:00:00Z,639881345,fundacionasam@fundacionasamfamilia.org,http://www.fundacionasamfamilia.org,De Salud Y Apoyo Mutuo,Comunidad De Madrid,6,, ,,,
bd3ef5c19067fe179f71c8b86ea4b39b,Foundation,Fundacion Plaza De Los Oficios,"Avenida Guadalajara,28",40.42118790000001,-3.6150129,,28032,Madrid,San Blas-Canillejas,Arcos,G87403150,2021-04-11T00:00:00Z,661469723,rvaliente@colegionicoli.org,https://www.plazadelosoficios.org,Juveniles,Comunidad De Madrid,6,, ,,,
fbfe5ba2ce3309f522c335e949435612,Foundation,Fundacion Investigacion En Epilepsias Geneticas,"Calle Toledo,46",40.4124249,-3.708034,Planta 1ª,28005,Madrid,Centro,Palacio,G87042701,2021-04-11T00:00:00Z,660426603,abmmontesinos@gmail.com,,De Personas Con Discapacidad,Estatal,5,, ,,,
587524833eaf98eb779a387e33768c6a,Foundation,Fundacion Dalma,"Calle Claudio Coello,91",40.4307039,-3.6858888,Bajo,28006,Madrid,Salamanca,Castellana,G85352938,2021-10-11T00:00:00Z,917814540,belen.ibanez@fundaciondalma.org,http://www.fundaciondalma.org,De Personas Con Discapacidad,Estatal,8,, ,,,
455cb2657aaa59e32fad80cb0b65b9dc,Foundation,Fundacion Alamedillas,"Avenida Abrantes,45",40.381211,-3.7272219,,28025,Madrid,Carabanchel,Abrantes,G86465580,2021-10-11T00:00:00Z,915651468,administracion@alamedillas.org,,Infantiles,Estatal,9,, ,,,
d5ff135377d39f1de7372c95c74dd962,Foundation,"Fundacion Your Own Water (tu Propia Agua),","Calle Velazquez,25",40.424164,-3.684628899999999,6º A,28001,Madrid,Salamanca,Recoletos,G87697553,2021-11-23T00:00:00Z,654963812,prieres@gmail.com,,Para La Cooperación Al Desarrollo,Estatal,8,, ,,,
015e31933548461020e2ba448e85995e,Foundation,Fundacion Nantik Lum,"Paseo Castellana,89",40.4496248,-3.6919802,Bajo,28046,Madrid,Tetuan,Cuatro Caminos,G83662098,2021-11-30T00:00:00Z,917374827,patriciaalguero@nantiklum.org,http://www.nantiklum.org,Otras De Acción Social,Estatal,7,, ,,,
3cc578f087ea520aefaaf92c802c1a34,Foundation,Fundacion Kyrios De Apoyo Personal,"Calle Laurel,21",40.4028764,-3.704466,1º B,28005,Madrid,Arganzuela,Acacias,G85846145,2021-02-12T00:00:00Z,914574694,aliciajm@ftkyrios.org,http://www.ftkyrios.org,De Personas Con Discapacidad,Estatal,6,, ,,,
ca4b33532855080dfa79cf8a925d146d,Foundation,Fundacion Psicologia Sin Fronteras,"Cuesta San Vicente,4",40.4217363,-3.713807,Planta 6ª,28008,Madrid,Moncloa-Aravaca,Arguelles,G86887411,2022-11-01T00:00:00Z,600425769,psf@psicologossinfronteras.net,,De Salud Y Apoyo Mutuo,Estatal,3,, ,,,
4b04b0dcd2ade339a3d7ce13252a29d4,Foundation,Fundacion Educativa Agora,"Calle Marques De Portugalete,17",40.4467656,-3.6454729,,28027,Madrid,Ciudad Lineal,San Pascual,G87934782,2022-01-24T00:00:00Z,619762602,contacto@fundagora.org,http://www.fundagora.com,De Estudiantes /alumnado,Comunidad De Madrid,5,, ,,,
ab2481c9f93d0ed3033a3281d865ccb2,Foundation,Fundacion Aspen Institute España,"Calle Princesa,18",40.4267414,-3.7124525,Bajo Izq,28008,Madrid,Centro,Universidad,G86104965,2022-01-24T00:00:00Z,684280445,diego.herrero@aspeninstitute.es,https://aspeninstitute.es/,Otras De Acción Social,Estatal,13,, ,,,
f3a3a63a79eb1831b0a2776bfd20d838,Foundation,Fundacion Hay Salida,"Calle Enrique Larreta,7",40.4675506,-3.686626,Entreplanta A,28036,Madrid,Chamartin,Castilla,G85913358,2022-01-24T00:00:00Z,912504875,info@fundacionhaysalida.com,https://www.fundacionhaysalida.com,De Salud Y Apoyo Mutuo,Comunidad De Madrid,9,, ,,,
06f2e099b4f87109d52e15d7c05f0084,Foundation,Fundacion Psico-ballet Maite Leon,"Calle Vizconde De Los Asilos,5",40.4406732,-3.638266999999999,,28027,Madrid,Ciudad Lineal,Quintana,G78392941,2022-03-15T00:00:00Z,917422320,psicoballet@psicoballetmaiteleon.org,http://www.psicoballetmaiteleon.org,Culturales Y Casas Regionales,Estatal,7,, ,,,
b2b7c555125ecacf4bb7678d9dc39a21,Foundation,Fundacion Acompañando Procesos,"Calle Principe De Vergara,122",40.4411734,-3.6785117,5º B,28002,Madrid,Chamartin,Prosperidad,G02731156,2022-03-29T00:00:00Z,661584994,acomprocesos@gmail.com,,Familias,Estatal,4,, ,,,
ab24cd2b811ee48a416fc7a833d736a9,Foundation,Fundacion Padre Garralda-horizontes Abiertos,"Calle Padre Rubio,76",40.4721616,-3.6966202,Bajo,28029,Madrid,Tetuan,Almenara,G83618850,2022-04-26T00:00:00Z,918317533,cfavieres@horizontesabiertos.org,http://www.horizontesabiertos.org,Otras De Acción Social,Estatal,10,, ,,,
a5ff5d4b0a0d7b3e4d64147037d8c344,Foundation,Fundacion Ibn Battuta,"Calle Puerto Del Milagro,6",40.3845541,-3.6578536,,28018,Madrid,Puente De Vallecas,Palomeras Bajas,G66052960,2022-04-26T00:00:00Z,914682859,aallaouzi@fundacionibnbattuta.org,http://www.fundacionibnbattuta.org,De Inmigrantes,Estatal,8,, ,,,
de3c1a733c9c51de130bc7ae775fd930,Foundation,"Radio Ecca, Fundacion Canaria","Calle Geranios,30",40.4720449,-3.693426799999999,,28029,Madrid,Tetuan,Almenara,G35103431,2022-10-05T00:00:00Z,915931165,s.bueno@radioecca.org,http://www.radioecca.org,Otras De Acción Social,Comunidad De Madrid,15,, ,,,
7dc3338d429a3114842ca29dbbfccfef,Foundation,Fundacion Railes,"Avenida Rafael Alberti,4",40.3915276,-3.6383461,,28038,Madrid,Puente De Vallecas,Palomeras Sureste,G67887000,2022-10-05T00:00:00Z,913807370,direccion.general@fundacionrailes.org,,De Personas Con Discapacidad,Comunidad De Madrid,10,, ,,,
5bf8aaef51c6e0d363cbe554acaf3f20,Foundation,Fundacion Segunda Parte,"Plaza Puerto De La Cruz,3",40.4784279,-3.7157047,Bajo 2,28029,Madrid,Fuencarral-El Pardo,El Pilar,G06764062,2022-05-25T00:00:00Z,625325109,juanjo.gh@fundacionsegundaparte.org,https://fundacionsegundaparte.org/,Deportivas,Estatal,8,, ,,,
0314c9b108b8c39f1cf878ed93fdd5ae,Foundation,Fundacion San Ezequiel Moreno,"Calle German Perez Carrasco,85",40.4380941,-3.6398711,,28027,Madrid,Ciudad Lineal,Quintana,G50884907,2022-10-06T00:00:00Z,622259179,infomadrid@fundacionsanezequiel.org,,Otras De Acción Social,Estatal,8,, ,,,
a6a767bbb2e3513233f942e0ff24272c,Foundation,Fundacion La Salle San Jose,"Calle La Salle,8",40.4661392,-3.7809325,,28023,Madrid,Moncloa-Aravaca,Valdemarin,G80442452,2022-06-13T00:00:00Z,676121523,comunicacion@lasallesanjoseobrasocial.es,,Otras De Acción Social,Comunidad De Madrid,3,, ,,,
6734fa703f6633ab896eecbdfad8953a,Foundation,Fundacion M.Trinidad Carreras,"Calle Bueso Pineda,21",40.4535772,-3.6564115,,28043,Madrid,Ciudad Lineal,San Juan Bautista,G86199221,2022-06-13T00:00:00Z,682927615,bdiaz@fundacionmtrinidadcarreras.org,http://www.fundacionmtrinidadcarreras.org,Para La Cooperación Al Desarrollo,Estatal,6,, ,,,
440924c5948e05070663f88e69e8242b,Foundation,Fundacion Hospitalaria De La Orden De Malta En España,"Calle Flora,3",40.4182682,-3.7081616,Bajo,28013,Madrid,Centro,Sol,G78135498,2022-05-07T00:00:00Z,691817987,gerente@ordendemalta.es,,De Derechos Humanos,Estatal,6,, ,,,
0777acff7c9ab34562699e4e1d05affb,Foundation,Save The Children,"Calle Doctor Esquerdo,138",40.40550630000001,-3.6713078,,28007,Madrid,Retiro,Pacifico,G79362497,2022-05-07T00:00:00Z,667933764,accion.social@savethechildren.org,,Infantiles,Estatal,14,, ,,,
8b5c8441a8ff8e151b191c53c1842a38,Foundation,Mensajeros De La Paz,"Calle Ribera De Curtidores,2",40.4094639,-3.707531699999999,,28005,Madrid,Centro,Embajadores,G82040684,2022-05-07T00:00:00Z,913645112,nieves@mensajerosdelapaz.org,,Familias,Estatal,10,, ,,,
26ff6f4ca1cfca4861eb91876f706746,Foundation,Fundacion Esperanza Y Alegria,"Calle Zurbaran,30",40.4293578,-3.6903113,Bajo E,28010,Madrid,Chamberi,Almagro,G83014233,2022-07-19T00:00:00Z,913106962,administracion@fundacionesperanzayalegria.org,http://www.fundacionesperanzayalegria.org,Para La Cooperación Al Desarrollo,Estatal,6,, ,,,
bba6bca05fecde04c682328e44b974b7,Foundation,Fundacion Social District,"Calle Alameda,22",40.4107962,-3.6939125,,28014,Madrid,Centro,Cortes,G99443871,2022-07-18T00:00:00Z,666552050,proyectos@musicosporlasalud.org,https://musicosporlasalud.org/,Otras De Acción Social,Estatal,5,, ,,,
b837305e43f7e535a1506fc263eee3ed,Foundation,Fundacion Mariana Allsopp,"Calle Garcia De Paredes,21",40.4369512,-3.7007391,Portal A,28010,Madrid,Chamberi,Trafalgar,G87835351,2022-07-18T00:00:00Z,600698527,direccion@fundacionmarianaallsopp.org,http://www.fundacionmarianaallsopp.org,De Mujeres,Estatal,5,, ,,,
861578d797aeb0634f77aff3f488cca2,Foundation,Fundacion Soysol,"Calle Lagunas De Neila,10",40.3524493,-3.7075843,2º E,28041,Madrid,Villaverde,Villaverde Alto C.H.,G42937482,2022-03-08T00:00:00Z,636926941,pnovoa@fundacionsoysol.org,http://www.fundacionsoysol.org,Medioambientales Y Ecologistas,Estatal,3,, ,,,
65ae450c5536606c266f49f1c08321f2,Foundation,Fundacion Canis Majoris,"Calle Barbara De Braganza,10",40.4233502,-3.6927134,1º Izq,28004,Madrid,Centro,Justicia,G86214749,2022-05-08T00:00:00Z,609109351,ceo@fcmajoris.es,http://www.canismajoris.es,Otras De Acción Social,Estatal,6,, ,,,
