Num_Inscripcion;Razon_Social;Tipo_Via;Calle;Numero;Aproximacion;Cod_Postal;Poblacion;Barrio;CIF;Fecha_Registro;Primer_Tlfn;Email;Internet;Categoria;Ambito;Asoc_Totales;Asoc_Madrid;Socios_totales;Socios_Madrid
975;PLENA INCLUSION MADRID. ORGANIZACION DE ENTIDADES EN FAVOR DE PERSONAS CON DISCAPACIDAD INTELECTUAL DE MADRID;AVENIDA;CIUDAD DE BARCELONA;108;ESC. 2ª BJ. DCHA.;28007;MADRID;PACIFICO;G28729853;03/05/1994;915018335;info@plenamadrid.org;http://plenainclusionmadrid.org/;DE PERSONAS CON DISCAPACIDAD;COMUNIDAD DE MADRID;118;65;23545;15000
856;COORDINADORA INFANTIL Y JUVENIL DE TIEMPO LIBRE DE VALLECAS;CALLE;JAVIER DE MIGUEL;92;2, LOCAL 5;28018;MADRID;PALOMERAS BAJAS;G79896619;30/10/1992;912230414;coordinadora@asociaciones.org;http://www.coordinadora.org.es	 ;INFANTILES;DISTRITO;19;19;996;996
775;FEDERACION CATOLICA  DE ASOCIACIONES DE PADRES DE FAMILIA Y PADRES DE ALUMNOS DE MADRID - FECAPA;CALLE;DON RAMON DE LA CRUZ;90;1º IZDA.;28006;MADRID;GOYA;G28719193;12/11/1991; ;madrid@fecapa.e.telefonica.net;;DE MADRES Y PADRES DEL ALUMNADO;COMUNIDAD DE MADRID;237;192;220000;180000
67;FEDERACION REGIONAL DE ASOCIACIONES VECINALES DE MADRID - FRAVM;CALLE;CAMINO DE LOS VINATEROS;53; BIS 1º;28030;MADRID;MEDIA LEGUA;G28749836;07/04/1988;917252909;ADMINISTRACION@AAVVMADRID.ORG;http://www.aavvmadrid.org	 ;VECINALES;COMUNIDAD DE MADRID;289;184;116327;89663
594;FERMAD - PLATAFORMA MADRILEÑA DE ENTIDADES PARA LA ASISTENCIA A LA PERSONA ADICTA Y SU FAMILIA;CALLE;CONDE DE ROMANONES;9;4º DCHA.;28012;MADRID;EMBAJADORES;G78406550;05/10/1990;913694448;fermad@telefonica.net;http://www.fermad.org;DE SALUD Y APOYO MUTUO;COMUNIDAD DE MADRID;22;19;1432;1158
4162;CONFEDERACION ESPAÑOLA DE AULAS DE TERCERA EDAD;AVENIDA;AMERICA;1;; ; ; ;;21/07/2022;696297014;admin@ceate.es;www.ceate.es;DE PERSONAS MAYORES, JUBILADAS Y PENSIONISTAS;ESTATAL;27;9;55761;1511
4159;FEDERACION DE ASOCIACIONES PARA LA DEFENSA DE LA SANIDAD PUBLICA;CALLE;ARROYO DE LA MEDIA LEGUA;29;PUERTA 49; ; ; ;G81042236;18/07/2022;913339087;fadspu@gmail.com;www.fadsp.es;DE SALUD Y APOYO MUTUO;ESTATAL;12;9747;1;2042
4128;FEDERACION DE VECINOS DE MADRID - VEM;CALLE;VICTOR ANDRES BELAUNDE;52;PISO BAJO, PUERTA CENTRO; ; ; ;G67985150;26/05/2022;684183496;vem@vecinosmadrid.es;https://www.vecinosmadrid.es/;VECINALES;COMUNIDAD DE MADRID;12;11;1144;1085
4093;FEDERACION DE ASOCIACIONES DE MUJERES “LIBRES Y COMBATIVAS” DE LA COMUNIDAD DE MADRID;CALLE;HERMANOS DEL MORAL;33;PLANTA BAJA, PUERTA 2; ; ; ;G09837741;15/03/2022;605950727;libresycombativasmadrid@gmail.com;;DE MUJERES;COMUNIDAD DE MADRID;3;3;792;792
407;"FEDERACION DE LA COMUNIDAD DE MADRID DE ASOCIACIONES DE PADRES Y MADRES DEL ALUMNADO ""FRANCISCO GINER DE LOS RIOS""";CALLE;PILAR DE ZARAGOZA;22;BAJO-JARDIN;28028;MADRID;GUINDALERA;G28848497;30/06/1989;915539773;info@fapaginerdelosrios.es;http://www.fapaginerdelosrios.org;DE MADRES Y PADRES DEL ALUMNADO;COMUNIDAD DE MADRID;903;379;120097;56852
404;FEDERACION DE ASOCIACIONES CIUDADANAS DE CONSUMIDORES Y USUARIOS MADRID - FACUM;CALLE;CAVA BAJA;30;LOCAL 7;28005;MADRID;PALACIO;G79281424;27/06/1989;913640276;info@cecumadrid.org;;DE PERSONAS CONSUMIDORAS Y USUARIAS;COMUNIDAD DE MADRID;3;3;1030;1030
4027;FEDERACION DE ASOCIACIONES PARA LA PREVENCION DEL MALTRATO INFANTIL;CALLE;DELICIAS;8;ENTREPLANTA; ; ; ;G79986493;25/11/2021;914682662;alejandra.pascual@fapmi.es;www.fapmi.es;OTRAS DE ACCIÓN SOCIAL;ESTATAL;10;1;1941;0
4003;CONFEDERACION ESPAÑOLA DE PERSONAS CON DISCAPACIDAD FISICA Y ORGANICA (COCEMFE);CALLE;EUGENIO SALAZAR;2;; ; ; ;G28681955;28/09/2021;917443600;juridico@cocemfe.es;www.cocemfe.es;DE PERSONAS CON DISCAPACIDAD;ESTATAL;91;30;225340;225340
3957;FEDERACION MADRILEÑA DE ESPELEOLOGIA;AVENIDA;SALAS DE LOS INFANTES;1;PISO 3º, PUERTA 7; ; ; ;G79008926;28/06/2021;629256870;fme@fmespeleologia.org;www.fmespeleologia.org;DEPORTIVAS;COMUNIDAD DE MADRID;35;19;627;326
3952;FEDERACION DE PERITOS, MEDIADORES Y ARBITROS - FEPEME;CALLE;LOPE DE RUEDA;50;BAJO, EXTERIOR; ; ; ;G88616172;29/06/2021;910917266;admin@fepeme.org;www.fepeme.org;COMERCIANTES,EMPRESARIOS,PROFESIONALES Y AUTÓNOMOS;ESTATAL;10;10;1500;1500
3933;FEDERACION ERASMUS STUDENT NETWORK ESPAÑA;CALLE;EINSTEIN;7;; ; ; ;V83340406;28/05/2021;631482642;secretariado@esn-spain.org;;DE ESTUDIANTES /ALUMNADO;ESTATAL;38;5;28715;5190
3924;FEMADEN – FEDERACION MADRILEÑA DE ENFERMEDADES NEUROLOGICAS;CAMINO;VALDERRIBAS;115;BAJO; ; ; ;G83868778;25/05/2021;647620736;femaden@femaden.org;http://www.femaden.org;DE PERSONAS CON DISCAPACIDAD;COMUNIDAD DE MADRID;4;4;3470;3470
3909;FEDERACION DE ASOCIACIONES REGIONALES DE ESTUDIANTES DE CIENCIAS ECONOMICAS Y EMPRESARIALES - AIESEC EN ESPAÑA;CALLE;LA REGALADA;5;3º-A; ; ; ;G80240096;30/03/2021;640194223;finanzasylegalidad@aiesec.es;;DE ESTUDIANTES /ALUMNADO;ESTATAL;8;1;176;25
3900;FEDERACION MADRILEÑA DE MONTAÑISMO;AVENIDA;SALAS DE LOS INFANTES;1;5º PISO, PUERTA 3; ; ; ;G79488870;11/02/2021;915273801;cfballesteros@fmm.es;http://www.fmm.es;DEPORTIVAS;COMUNIDAD DE MADRID;46;56;18778;13642
3896;PLATAFORMA DE ORGANIZACIONES DE INFANCIA DE LA COMUNIDAD - POI MADRID;CALLE;ESCOSURA;3;LOCAL 2; ; ; ;G84727627;11/02/2021;915340143;poimadrid@plataformadeinfancia.org;http://www.poimadrid.org;INFANTILES;COMUNIDAD DE MADRID;27;27;160254;160254
3886;FEDERACION ESPAÑOLA DE TIRO CON ARCO;CALLE;ALTAMIRANO;30;; ; ; ;Q2878039C;08/02/2021;619414033;rfeta@federarco.es;http://federarco.es;DEPORTIVAS;ESTATAL;0;0;0;0
3862;FEDERACION MADRILEÑA DE PIRAGÜISMO;CARRETERA;EL PARDO;2;KM 1; ; ; ;G79414611;21/01/2021;913950127;fmp@piraguamadrid.com;http://www.piraguamadrid.com;DEPORTIVAS;COMUNIDAD DE MADRID;17;17;6046;6046
3856;FEDERACION  DE ASOCIACIONES DE ASISTENCIA A VICTIMAS DE VIOLENCIA SEXUAL Y DE GENERO (FAMUVI);AVENIDA;REAL DE PINTO;26;1º - D; ; ; ;G80271588;20/01/2021;636858923;gestioneconomica@stopviolenciasexual.org;http://www.stopviolenciasexual.org;FAMILIAS;ESTATAL;6;0;1176;0
3835;CONFEDERACION DE JUVENTUDES MUSICALES DE ESPAÑA;CALLE;ABDON TERRADAS;3;PUERTA IZQUIERDA; ; ; ;G08490559;27/08/2020;629302595;info@jmspain.org;http://www.jmspain.org;CULTURALES Y CASAS REGIONALES;ESTATAL;115;1;0;470
3828;FEDERACION ESPAÑOLA DE MUJERES DIRECTIVAS, EJECUTIVAS, PROFESIONALES Y EMPRESARIAS - FEDEPE;CALLE;PEÑA GORBEA;2;6º; ; ; ;G80160211;27/08/2020;691738260;secretaria@mujeresfedepe.com;;DE MUJERES;ESTATAL;22;5;0;535483
3811;FEDERACION EMPRESARIAL DE ASOCIACIONES TERRITORIALES DE AGENCIAS DE VIAJES ESPAÑOLAS - FETAVE;CALLE;MIGUEL ANGEL;1;PORTAL DUP PL BAJA; ; ; ;G84563584;24/07/2020;600049413;fetave@fetave.es;;COMERCIANTES,EMPRESARIOS,PROFESIONALES Y AUTÓNOMOS;ESTATAL;12;1;0;40
3733;FEDERACION CORAL DE MADRID ;CALLE;GOYA;99;2º - DCHA.;28009;MADRID; ;G78175999;25/10/2019;655690680;fecormad@fecormad.es;http://www.fecormad.es;CULTURALES Y CASAS REGIONALES;COMUNIDAD DE MADRID;116;85;4036;2919
3701;FEDERACION DE ASOCIACIONES PROTECTORAS Y DE DEFENSA ANIMAL DE LA COMUNIDAD DE MADRID;CALLE;DELFIN;13;3º A;28029;MADRID; ;V84661164;13/08/2019;606994228;fapa@fapam.org;http://www.fapam.org;DE DEFENSA DE LOS ANIMALES;COMUNIDAD DE MADRID;15;15;2890;2890
3693;FEDERACION MADRILEÑA DE SALVAMENTO Y SOCORRISMO;AVENIDA;SALAS DE LOS INFANTES;1;4º;28034;MADRID; ;G78420932;13/08/2019;650436842;gerente@fmss.es;http://www.fmss.es;DEPORTIVAS;COMUNIDAD DE MADRID;11;11;1418;902
3650;FEDERACION ESPAÑOLA DE DAÑO CEREBRAL ;CALLE;AGUSTIN DE BETANCOURT;21;PLANTA 8ª;28003;MADRID;RIOS ROSAS;G41792284;14/05/2019;914178905;mbarbero@fedace.org;;DE PERSONAS CON DISCAPACIDAD;ESTATAL;46;4;10719;520
3619;FEDERACION DE ASOCIACIONES DE ESCLEROSIS MULTIPLE DE MADRID (FADEMM);CALLE;SAN LAMBERTO;5;;28017;MADRID; ;G83715474;01/04/2019;606053326;presidencia@fademm.org;;DE SALUD Y APOYO MUTUO;COMUNIDAD DE MADRID;10;1;2387;1086
3568;FEDERACION MADRILEÑA DE KARATE Y DISCIPLINAS ASOCIADAS (DA);CALLE;ALBERCHE;21;;28007;MADRID; ;G79206975;31/01/2019;915018144;info@fmkarate.com;http://fmkarate.com;DEPORTIVAS;COMUNIDAD DE MADRID;324;120;16558;5203
3565;UNION DE ASOCIACIONES DE TETUAN MERCADO DE SAN ENRIQUE;CALLE;MERCEDES;6;;28020;MADRID; ;;07/02/2019;915705679;unionsanenrique@gmail.com;;OTRAS DE ACCIÓN SOCIAL;COMUNIDAD DE MADRID;8;8;13757;13757
3519;UNION DE ASOCIACIONES FAMILIARES;CALLE;ALBERTO AGUILERA;3;PLANTA 1ª, PUERTA IZQDA.;28015;MADRID; ;G79040796;19/10/2018;914463162;unaf@unaf.org;http://unaf.org;FAMILIAS;ESTATAL;21;16;56892;14752
3511;CONFEDERACION NACIONAL DE CENTROS ESPECIALES DE EMPLEO - CONACEE;PASEO;CASTELLANA;135;PLANTA 7;28046;MADRID;CASTILLEJOS;V62552781;09/10/2018;911262254;gerencia@conacee.org;www.conacee.org;OTRAS DE ACCIÓN SOCIAL;ESTATAL;17;1;340;52
3510;FEDERACION DE ENTIDADES Y CENTROS PARA LA INTEGRACION Y AYUDA DE MARGINADOS - FACIAM;CALLE;VIA CARPETANA;47;;28047;MADRID; ;G28697324;09/10/2018;915595923;faciam@faciam.org;;OTRAS DE ACCIÓN SOCIAL;ESTATAL;9;7;10638;10448
3400;FED. DE COORD ASOC DE PERSONAS CON DISCAPACIDAD FISICA DE LAS COMU. AUT. DE ESPAÑA (FED. COAMIFICOA ;CALLE;AZABACHE;1BIS;LOCAL 1;28019;MADRID; ;G46942645;17/04/2018;913016048;COAMIFICOA@COAMIFICOA.ES;http://www.coamificoa.es;DE PERSONAS CON DISCAPACIDAD;ESTATAL;11;1;7400;57
3399;AMISTAD INTERNACIONAL SCOUT Y GUIA -ESPAÑA;CALLE;ENTRE ARROYOS;19;PUERTA BIS;28030;MADRID; ;G80782139;25/04/2018;629393387;secretaria@aisg.es;;OTRAS DE ACCIÓN SOCIAL;ESTATAL;17;1;363;80
3313;ASOCIACION RED MADRILEÑA DE LUCHA CONTRA LA POBREZA Y LA EXCLUSION SOCIAL (EAPN MADRID);CALLE;MELQUIADES BIENCINTO;7;PLANTA 3ª, PUERTA 3;28053;MADRID;DELICIAS;G81298531;29/08/2017;661552019;coordinacion@eapnmadrid.org;;OTRAS DE ACCIÓN SOCIAL;COMUNIDAD DE MADRID;67;61;500359;499374
3312;CONFEDERACION ESPAÑOLA DE INMIGRANTES EMPRENDEDORES-CEIN;CALLE;AMPARO USERA;9;;28026;MADRID;MOSCARDO;G85978476;09/08/2017;629550411;confederaciones@yahoo.es;;DE INMIGRANTES;ESTATAL;5;5;3458;3458
3273;ASOCIACION DE EMPRESARIOS Y PROFESIONALES DE LA CARNE Y DERIVADOS CARNICOS DE LA COMUNIDAD DE MADRID-CARNIMAD;CAÑOS;ENRIQUE LARRETA;5;1º;28036;MADRID; ;G28966430;18/04/2006;915471324;abogado@fedecarne.es;;COMERCIANTES,EMPRESARIOS,PROFESIONALES Y AUTÓNOMOS;COMUNIDAD DE MADRID;0;0;1420;772
3254;FEDERACION NACIONAL DE ENFERMOS Y TRASPLANTADOS HEPATICOS;CALLE;SANTIAGO DE COMPOSTELA;38;7º;28034;MADRID; ;V91391375;19/05/2017;675952767;secretaria@fneth.org;;DE SALUD Y APOYO MUTUO;ESTATAL;23;3;8650;900
3253;COLEGAS-CONFEDERACION LGTB ESPAÑOLA;CALLE;ALAMO;5;BJ, LOCAL;28015;MADRID; ;G92469097;16/05/2017;607929460;RAMIREZ.MARTIN.FRANCISCO@GMAIL.COM;http://www.colegas.lgbt;CULTURALES Y CASAS REGIONALES;ESTATAL;18;3;2130;183
3252;UNION MADRILEÑA DE ASOCIACIONES DE PERSONAS PRO SALUD MENTAL -UMASAM- FEDERACION SALUD MENTAL COMUNIDAD DE MADRID;CALLE;POETA ESTEBAN DE VILLEGAS;12;LOCAL BAJO IZQUIERDA;28014;MADRID; ;G86653615;10/05/2017;915130243;coordinacion@saludmentalmadrid.org;http://www.saludmentalmadrid.org;DE PERSONAS CON DISCAPACIDAD;COMUNIDAD DE MADRID;17;9;2540;1810
3251;FEDERACION INTERSECTORIAL DE AUTONOMOS DE LA COMUNIDAD DE MADRID (FIDACAM);PASEO;INFANTA ISABEL;17;LOCAL;28014;MADRID; ;G80380595;10/05/2017;915775142;administracion@fidacam.com;http://www.fidacam.com;COMERCIANTES,EMPRESARIOS,PROFESIONALES Y AUTÓNOMOS;COMUNIDAD DE MADRID;5;2;1040;415
3250;"PLATAFORMA ""KHETANE"" DEL MOVIMIENTO ASOCIATIVO GITANO DEL ESTADO ESPAÑOL";PLAZA;LUCA DE TENA;2;BAJO LOCAL;28045;MADRID;PALOS DE MOGUER;G86515087;27/09/2016;649548329;coordinacion@plataformakhetane.org;http://www.plataformakhetane.org;DE DERECHOS HUMANOS;ESTATAL;27;1;21342;375
3245;FEDERACION DE PLANIFICACION FAMILIAR ESTATAL;CALLE;SAN VICENTE FERRER;86;LOCAL BAJO;28015;MADRID; ;V78419884;21/04/2017;915913449;info@fpfe.org;http://www.fpfe.org;DE SALUD Y APOYO MUTUO;ESTATAL;7;1;238;53
3244;UNION DE ASOCIACIONES DE TRABAJADORES AUTONOMOS Y EMPRENDEDORES DE LA COMUNIDAD DE MADRID (UATAE MADRID);CALLE;GENERAL PALANCA;37;;28045;MADRID;DELICIAS;G86249182;21/04/2017;915177375;bproyectos@uatae.org;www.uatae.org;COMERCIANTES,EMPRESARIOS,PROFESIONALES Y AUTÓNOMOS;COMUNIDAD DE MADRID;48;48;55339;55339
3243;CIRCULO EMPRESARIAL DE ATENCION A LAS PERSONAS (CEAPS);CALLE;CASTELLO;95;2º B;28006;MADRID; ;G87721593;24/04/2017;696656643;direccion@ceaps.org;;COMERCIANTES,EMPRESARIOS,PROFESIONALES Y AUTÓNOMOS;ESTATAL;12;1;1244;142
320;COORDINADORA ASOCIACIONES CULTURALES DE MADRID - COACUM;CALLE;SANTA JULIA;11; ;28053;MADRID;SAN DIEGO;G79006672;28/02/1989;914773887;coacum@gmail.com;;CULTURALES Y CASAS REGIONALES;COMUNIDAD DE MADRID;18;7;5240;1504
3123;FEDERACION RED DE ARTEMISA;CALLE;MAESTRO ARBOS;3;5º DESPACHO 511;28045;MADRID; ;G86219219;29/09/2016;917787432;coordinacion@redartemisa.org;;OTRAS DE ACCIÓN SOCIAL;ESTATAL;6;6;1496;1496
3107;CONFEDERACION SALUD MENTAL ESPAÑA;CALLE;HERNANDEZ MAS;20;;28053;MADRID;ENTREVIAS;G46245247;05/09/2016;915079248;confederacion@consaludmental.org;http://consaludmental.org;DE SALUD Y APOYO MUTUO;ESTATAL;300;21;47000;3568
3097;FEDERACION ESPAÑOLA DE LUPUS;CALLE;MORETO;7;5º DCHA.;28014;MADRID; ;G29845096;20/07/2016;647081061;info@felupus.org;http://www.felupus.org;DE SALUD Y APOYO MUTUO;ESTATAL;22;1;650;400
3043;FEDERACION AUTISMO MADRID;CALLE;COSTA VERDE;1;;28029;MADRID;ALMENARA;G82095456;11/04/2016;910133095;info@autismomadrid.es;http://www.autismomadrid.es;OTRAS DE ACCIÓN SOCIAL;COMUNIDAD DE MADRID;14;7;1671;943
3008;"FAAM ""SINDICATO DE ESTUDIANTES""";CALLE;ESCALONA;80;2ºC;28024;MADRID;ALUCHE;G83303313;08/02/2016;605950727;sindicatoestudiantesmadrid@gmail.com ;http://sindicatodeestudiantes.net;JUVENILES;COMUNIDAD DE MADRID;92;42;1569;813
2980;FEDERACION ESPAÑOLA DE ENFERMEDADES METABOLICAS HEREDITARIAS;CALLE;LUIS RUIZ;75;LOCAL 30;28017;MADRID;PUEBLO NUEVO;G41429440;02/09/2015;626225611;federacion@metabolicos.es;http://www.metabolicos.es;DE SALUD Y APOYO MUTUO;ESTATAL;16;3;935;121
2953;FEDERACION MADRILEÑA DE DEPORTES PARA DISCAPACITADOS INTELECTUALES;AVENIDA;SALAS DE LOS INFANTES;1;;28034;MADRID; ;G80830730;21/04/2015;913646344;gerencia@femaddi.org;http://www.femaddi.org;DEPORTIVAS;COMUNIDAD DE MADRID;54;27;2046;1123
2950;FEDERACION ESPAÑOLA DE ASOCIACIONES DE ESPINA BIFIDA E HIDROCEFALIA;CALLE;PECHUAN;14;;28002;MADRID;CIUDAD JARDIN;G28726792;15/04/2015;650394896;PRESIDENCIA@FEBHI.ORG;http://www.febhi.org;DE SALUD Y APOYO MUTUO;ESTATAL;18;1;2438;351
2945;FEDERACION  DE ASOCIACIONES DE MUJERES DE LA COMUNIDAD DE MADRID-FAMCM;CALLE;BRAVO MURILLO;4;LOCAL;28015;MADRID;TRAFALGAR;G86535119;11/03/2015;914296241;f.asociacionesdemujerescm@gmail.com;http://www.federacionasociacionesdemujerescm.org;DE MUJERES;COMUNIDAD DE MADRID;13;9;1500;1000
2943;FEDERACION ESPAÑOLA DEL PUEBLO GITANO;CALLE;RUIDERA;10;LOCAL A;28053;MADRID; ;G87071676;03/03/2015;603165053;federacion.esppg@hotmail.com;;OTRAS DE ACCIÓN SOCIAL;ESTATAL;4;2;649;315
2936;ASOCIACION RED DE ONGD DE MADRID;CALLE;EMBAJADORES;26;LOCAL 4 ;28012;MADRID; ;V81310278;06/02/2015;915288033;coordinacion@redongdmad.org;www.redongdmad.org;PARA LA COOPERACIÓN AL DESARROLLO;COMUNIDAD DE MADRID;95;90;0;785644
2885;FEDERACION DE ASOCIACIONES BOLIVIANAS Y LATINOAMERICANAS (FEDABOL);CALLE;FRANCISCO RUIZ;9;BAJO, LOCAL 20 Y 36;28026;MADRID;ALMENDRALES;G85434173;06/05/2014;912227352;fedefedabol@yahoo.es;;DE INMIGRANTES;COMUNIDAD DE MADRID;5;5;452;452
2874;CONFEDERACION DE ASOCIACIONES DE ENFERMOS DE CROHN Y COLITIS ULCEROSA DE ESPAÑA - ACCU ESPAÑA;CALLE;ENRIQUE TROMPETA;6;BAJO 1;28045;MADRID;CHOPERA;G82047143;05/03/2014;915426326;accuesp@accuesp.com;http://www.accuesp.com;DE SALUD Y APOYO MUTUO;ESTATAL;33;1;6952;716
2840;LIGA REUMATOLOGICA ESPAÑOLA, ASOCIACION DE ORGANIZACIONES Y PERSONAS CON ENFERMEDADES REUMATICAS Y MUSCULOESQUELETICAS - LIRE;PASEO;DELICIAS;30;PLANTA 2ª;28045;MADRID;PALOS DE MOGUER;G28511848;02/12/2013;692271099;lire@lire.es;http://www.lire.es;DE SALUD Y APOYO MUTUO;ESTATAL;41;3;1169;125
2818;DOWN ESPAÑA - FEDERACION ESPAÑOLA DE INSTITUCIONES PARA EL SINDROME DE DOWN;CALLE;MACHAQUITO;58;BAJO;28043;MADRID; ;G80245780;11/11/2013;917160710;downespana@sindromedown.net;http://www.sindromedown.net;DE SALUD Y APOYO MUTUO;ESTATAL;90;5;11555;1108
2788;FEDERACION DE PERSONAS SORDAS DE LA COMUNIDAD DE MADRID - FESORCAM;CALLE;FLORESTAN AGUILAR;11;BAJO;28028;MADRID;GUINDALERA;G78509288;27/06/2013;917253757;administracion2@fesorcam.org;http://WWW.fesorcam.org;DE PERSONAS CON DISCAPACIDAD;COMUNIDAD DE MADRID;10;2;746;380
2731;ASOCIACION MADRILEÑA DE ORGANIZACIONES DE ATENCION A LAS PERSONAS CON PARALISIS CEREBRAL Y AFINES (ASPACE MADRID);CALLE;TABATINGA;11;;28027;MADRID;EL SALVADOR;G82633256;23/01/2013;670318674;proyectos@aspacemadrid.org;http://www.aspacemadrid.org;DE SALUD Y APOYO MUTUO;COMUNIDAD DE MADRID;10;10;812;581
2718;ASOCIACION DE CLUBES DE PELOTA DE MADRID Y SIGLA - ACPM;CALLE;BENIDORM;28;PISO BAJO LETRA H;28017;MADRID;VENTAS;G86519675;05/12/2012;913265350;ORTEGOCUESTA@GMAIL.COM;http://www.asociacioncpm.org;DEPORTIVAS;COMUNIDAD DE MADRID;3;2;45;45
2716;FEDERACION DE GRUPOS TRADICIONALES MADRILEÑOS;CALLE;SIERRA DE CONTRAVIESA;14;BAJO;28053;MADRID;ENTREVIAS;G79307955;26/11/2012;669751037;federacion.grupos.tradicionales@gmail.com;http://www..federaciongrupostradicionalesmadrilenos.com;CULTURALES Y CASAS REGIONALES;COMUNIDAD DE MADRID;11;7;720;592
2706;FEDERACION MADRILEÑA DE FOLCLORE;AVENIDA;CORDOBA;15;;28026;MADRID; ;G82620667;22/10/2012;609143675;director@balletfolcloricodemadrid.es;;CULTURALES Y CASAS REGIONALES;ESTATAL;4;4;583;581
2686;FEDERACION ESPAÑOLA DE TRANSPLANTADOS DE CORAZON (FETCO);CALLE;CERRO BLANCO;14;LOCAL 19;28026;MADRID; ;G81414328;03/09/2012;917510479;presidencia@fetco.es;http://www.fetco.es;DE SALUD Y APOYO MUTUO;ESTATAL;9;1;801;152
2677;CONFEDERACION DE ASOCIACIONES INDEPENDIENTES DE JUBILADOS, RETIRADOS Y PENSIONISTAS - C.A.I.;CALLE;CONCEPCION JERONIMA;8;3º CENTRO IZDA;28012;MADRID; ;G79044194;02/08/2012;913690738;ragaca55@gmail.com;;DE PERSONAS MAYORES, JUBILADAS Y PENSIONISTAS;ESTATAL;7;1;1057;34
2670;FEDERACION DE ASOCIACIONES DE INGENIEROS INDUSTRIALES DE ESPAÑA;CALLE;GENERAL ARRANDO;38;;28010;MADRID;ALMAGRO;G28214377;26/07/2012;915210070;faiie@iies.es;http://www.ingenierosindustriales.es;COMERCIANTES,EMPRESARIOS,PROFESIONALES Y AUTÓNOMOS;ESTATAL;14;1;25145;6867
2664;UNION DE ASOCIACIONES DE INGENIEROS TECNICOS INDUSTRIALES  Y GRADUADOS EN INGENIERIA DE LA RAMA INDUSTRIAL DE ESPAÑA (UAITIE);AVENIDA;PABLO IGLESIAS;2;2º PISO;28003;MADRID;VALLEHERMOSO;G28196061;23/07/2012;915541806;uaitie@uaitie.es;http://www.uaitie.es;COMERCIANTES,EMPRESARIOS,PROFESIONALES Y AUTÓNOMOS;ESTATAL;37;1;49174;6867
2661;FEDERACION ESPAÑOLA SINDROME X FRAGIL;PLAZA;CARBALLO;8;10º-3;28029;MADRID;EL PILAR;G61897948;16/07/2012;629964478;jguzman@xfragil.org;http://xfragil.org;DE SALUD Y APOYO MUTUO;ESTATAL;12;1;587;114
2644;FEDERACION ESPAÑOLA DE BANCOS DE ALIMENTOS;CARRETERA;COLMENAR VIEJO;KM. 12,800;KM. 12,800 (CIUDAD ESCOLAR);28049;MADRID; ;G82410432;19/06/2012;917356390;angeles@fesbal.org;http://www.fesbal.org;OTRAS DE ACCIÓN SOCIAL;ESTATAL;54;1;7497;556
2642;FEDERACION DE MUJERES Y FAMILIAS DEL AMBITO RURAL - AMFAR;CALLE;AGUSTIN DE BETANCOURT;17;7º PLANTA;28003;MADRID;RIOS ROSAS;V82616582;20/06/2012;667696906;amfarcr@mujerrural.com;http://www.mujerrural.com;DE MUJERES;ESTATAL;29;1;92167;1985
2639;FEDERACION DE ASOCIACIONES DE CONSUMIDORES Y USUARIOS DE LOS MEDIOS (ICMEDIA);CALLE;RUFINO BLANCO;8;3º B;28028;MADRID;FUENTE DEL BERRO;G80508682;18/06/2012;915349018;mpellico@icmedianet.org;;DE PERSONAS CONSUMIDORAS Y USUARIAS;ESTATAL;13;1;80;80
2638;ORGANIZACION IMPULSORA DE DISCAPACITADOS (O.I.D.);CALLE;GRAN VIA;57;7ºB;28013;MADRID;PALACIO;G47337118;18/06/2012;925054000;abogadosoid@gmail.com;;OTRAS DE ACCIÓN SOCIAL;INTERNACIONAL;1;1;79;79
2637;FEDERACION DE COMUNIDADES ANDALUZAS CENTRO DE ESPAÑA - FECACE;CALLE;GRAN VIA;29;4º PTA 14;28013;MADRID;SOL;V79083754;18/06/2012;915320037;secretaria@fecace.com;http://www.fecace.es;CULTURALES Y CASAS REGIONALES;ESTATAL;22;3;5849;970
2568;LIGA ESPAÑOLA DE LA EDUCACION Y LA CULTURA POPULAR (L.E.E.C.P.);CALLE;VALLEHERMOSO;54;1º 1;28015;MADRID;ARAPILES;G78519543;10/01/2012;915945338;laliga@ligaeducacion.org;http://www.ligaeducacion.org;CULTURALES Y CASAS REGIONALES;ESTATAL;15;1;251;45
2558;COORDINADORA NACIONAL DE ARTRITIS - CONARTRITIS;CALLE;FERROCARRIL;18;2º -  OFICINA 1;28045;MADRID;PALOS DE MOGUER;G84188671;16/12/2011;915352141;conartritis@conartritis.org;http://www.conartritis.org;DE SALUD Y APOYO MUTUO;ESTATAL;15;1;2626;432
2467;FEDERACION ECOM - FEDERACION DE ENTIDADES DE PERSONAS CON DISCAPACIDAD FISICA;CALLE;GERMAN PEREZ CARRASCO;65;LOCAL;28027;MADRID;QUINTANA;G08803801;21/02/2011;934515550;;;DE SALUD Y APOYO MUTUO;ESTATAL;174;9;0;0
243;FEDERACION DE CASAS REGIONALES EN MADRID;CALLE;HEXAGONOS ;S/N;(RECINTO FERIAL CASA DE CAMPO);28011;MADRID;                    ;V28930287;04/10/1988;913166216;;;CULTURALES Y CASAS REGIONALES;COMUNIDAD DE MADRID;83;27;128000;53280
2354;FEDERACION MADRILEÑA DE ESCULTISMO (F.M.E.);CALLE;HORTALEZA;19;1º IZDA.;28004;MADRID;VALDEFUENTES;G82839762;24/02/2010;914294321;info@madridscout.org;http://www.madridscout.org;JUVENILES;COMUNIDAD DE MADRID;2;2;8500;6150
2330;FEDERACION SCOUT REGIONAL DE MADRID;AVENIDA;CIUDAD DE BARCELONA;208;1ºA;28007;MADRID;ADELFAS;G80727225;12/11/2009;914615591;oficinafsrm@gmail.com;http://federacionscoutregionaldemadrid.com;JUVENILES;COMUNIDAD DE MADRID;6;4;481;321
2307;ASOCIACION DE EMPRESARIOS DE LA PEQUEÑA Y MEDIANA EMPRESA DE VILLAVERDE - USERA (FACOVU);AVENIDA;OROVILLA;54;SEMILLERO DE EMPRESAS DE VILLAVERDE;28041;MADRID;LOS ROSALES;G83915421;08/07/2009;917160620; ; ;COMERCIANTES,EMPRESARIOS,PROFESIONALES Y AUTÓNOMOS;DISTRITO;8;8;540;540
2302;UNION DE FEDERACIONES DEPORTIVAS MADRILEÑAS (UFEDEMA);CALLE;CASTELLO;107;1º B;28006;MADRID;CASTELLANA;G79163721;01/07/2009;915621232;ufedema@ufedema.es;http://www.ufedema.com	 ;DEPORTIVAS;COMUNIDAD DE MADRID;60;57;60;3
2284;ASOCIACION MADRILEÑA DE EMPRESAS DE INSERCION (AMEI);CALLE;MONTERA;10;12, 2º 6ª;28013;MADRID;SOL;G81181380;03/06/2009;915220843;amei@amei.es;http://www.amei.es;COMERCIANTES,EMPRESARIOS,PROFESIONALES Y AUTÓNOMOS;COMUNIDAD DE MADRID;10;8;10;8
2256;CONFEDERACION NACIONAL DE MUJERES EN IGUALDAD;CALLE;ARROYO DEL OLIVAR;162;LOCAL PUERTA DE CALLE;28018;MADRID;PORTAZGO;G80409105;27/02/2009;915577071;info@mujeresenigualdad.com;http://www.mujeresenigualdad.com	 ;DE MUJERES;ESTATAL;176;29;30114;10633
2239;FEDERACION DE COMERCIO AGRUPADO Y MERCADOS DE LA COMUNIDAD DE MADRID - COCAM;CALLE;CONDE DE TORRALBA;11;1ª planta;28046;MADRID;                    ;G83185314;17/02/2009;914754148;gerenciacocam@comerciomadrid.org;http://comerciomadrid.org;COMERCIANTES,EMPRESARIOS,PROFESIONALES Y AUTÓNOMOS;COMUNIDAD DE MADRID;21;20;1502;1442
2231;FEDERACION DE ASOCIACIONES DE FAMILIAS Y MUJERES DEL MEDIO RURAL DE LA COMUNIDAD DE MADRID - FEDERACION AFAMMER COMUNIDAD DE MADRID;CALLE;OVIEDO;30;BAJO;28020;MADRID;CUATRO CAMINOS;G85603322;09/02/2009;918158449;;;DE MUJERES;COMUNIDAD DE MADRID;8;1;1039;747
2214;FEDERACION CATOLICA ESPAÑOLA DE SERVICIOS A LA JUVENTUD FEMENINA (ACISJF);CALLE;RAMOS CARRION;9;SOTANO A;28002;MADRID;PROSPERIDAD;V28596534;12/01/2009;914130482;comunicacion@federacionacisjf.com;http://www.federacionacisjf.com;OTRAS DE ACCIÓN SOCIAL;ESTATAL;5;1;270;31
2213;PLATAFORMA DE ASOCIACIONES DE TETUAN;CALLE;MUNDILLO;6; ;28029;MADRID;VALDEACEDERAS;G84358340;12/01/2009;913151112;almenara@radioalmenara.net;;OTRAS DE ACCIÓN SOCIAL;DISTRITO;15;0;0;0
2210;CONFEDERACION DE EMPRESARIOS DE COMERCIO MINORISTA, AUTONOMOS Y DE SERVICIOS DE LA COMUNIDAD DE MADRID - CECOMA;CALLE;DIEGO DE LEON;58;1º IZQUIERDA;28006;MADRID;LISTA;G79415089;15/12/2008;913093016;;http://www.cecoma.org;COMERCIANTES,EMPRESARIOS,PROFESIONALES Y AUTÓNOMOS;COMUNIDAD DE MADRID;68;43;65000;35000
2201;CONFEDERACION GENERAL DE LA PEQUEÑA Y MEDIANA EMPRESA DEL ESTADO ESPAÑOL - COPYME;PASEO;INFANTA ISABEL;17;LOCAL;28014;MADRID;LOS JERONIMOS;G28613792;07/11/2008;914350612;confederacion@copyme.es;http://www.copyme.es	 ;COMERCIANTES,EMPRESARIOS,PROFESIONALES Y AUTÓNOMOS;ESTATAL;30;22;24500;6123
2200;CONFEDERACION DEL COMERCIO ESPECIALIZADO DE LA COMUNIDAD DE MADRID - COCEM;CALLE;ALBERTO AGUILERA;66;1º DCHA.;28015;MADRID;GAZTAMBIDE;G83517748;06/11/2008;918285707;presidencia@cocem.es;http://www.cocem.es;COMERCIANTES,EMPRESARIOS,PROFESIONALES Y AUTÓNOMOS;COMUNIDAD DE MADRID;17;14;25000;20000
2100;FEDERACION DE CENTROS JUVENILES VALDOCO;CALLE;MARQUES DE LA VALDAVIA;2;1º;28012;MADRID;PALOS DE MOGUER;G79462032;08/01/2008;911109140;valdoco@valdoco.org;http://www.valdoco.org	 ;JUVENILES;ESTATAL;28;12;7276;2485
2099;FEDERACION DE PLATAFORMAS SOCIALES PINARDI;CALLE;MARQUES DE LA VALDAVIA;2;;28012;MADRID;PALOS DE MOGUER;G83169524;08/01/2008;914681252;pinardi@pinardi.com;http://www.pinardi.com;OTRAS DE ACCIÓN SOCIAL;ESTATAL;7;4;350;150
2098;FEDERACION DE EMPRESARIOS DE LA COMUNIDAD DE MADRID - FEDECAM;CALLE;ARROYO DE LA ELIPA;12;LOCAL 2;28017;MADRID;PUEBLO NUEVO;G82734724;08/01/2008;913680404;info@fedecam.es;http://www.fedecam.es;COMERCIANTES,EMPRESARIOS,PROFESIONALES Y AUTÓNOMOS;COMUNIDAD DE MADRID;94;43;24000;10000
2097;COMITE DE ENTIDADES REPRESENTANTES DE PERSONAS CON DISCAPACIDAD DE LA COMUNIDAD AUTONOMA DE MADRID - CERMI;CALLE;PRIM;3;3º DESPACHO 321;28004;MADRID;JUSTICIA;G82698846;08/01/2008;915229265;cermimadrid@cermimadrid.org;http://www.cermimadrid.org;DE SALUD Y APOYO MUTUO;COMUNIDAD DE MADRID;10;10;122000;103000
2052;UNION DE RADIOS LIBRES Y COMUNITARIAS DE MADRID;CALLE;MAGNOLIAS;35; ;28029;MADRID;ALMENARA;G81420093;03/07/2007;911410643;urcm.mariano@gmail.com;http://www.urcm.net;CULTURALES Y CASAS REGIONALES;COMUNIDAD DE MADRID;11;6;693;502
2017;FEDERACION MADRILEÑA DE ASOCIACIONES DE PADRES Y AMIGOS DE LOS SORDOS - FEMAPAS;CALLE;MARTINEZ IZQUIERDO;80;LOCAL;28028;MADRID;GUINDALERA;G82687260;22/03/2007;913558964;;;DE SALUD Y APOYO MUTUO;COMUNIDAD DE MADRID;3;2;475;395
1997;FEMAS - FEDERACION MADRILEÑA DE FEDERACIONES Y ASOCIACIONES DE PREJUBILADOS, JUBILADOS Y PENSIONISTAS;CALLE;MONTERA;34;1º, 3;28013;MADRID;SOL;G83928861;19/02/2007;915239881;;	 ;DE PERSONAS MAYORES, JUBILADAS Y PENSIONISTAS;ESTATAL;2;1;1337;1083
1944;FEDERACION DE AFRICANOS EN EL MUNDO - FAM;CALLE;PUERTO DE SOMIEDO;21;BAJO A;28038;MADRID;PORTAZGO;G84855543;14/11/2006;648975968;;;DE INMIGRANTES;ESTATAL;3;3;311;311
1935;FEDERACION DE ASOCIACIONES DE RUMANOS EN ESPAÑA - FEDROM;CALLE;WAD-RAS;19;BAJO;28039;MADRID;ENTREVIAS           ;G84130517;25/10/2006;913982336;;;DE INMIGRANTES;ESTATAL;35;8;0;0
1930;FEDERACION DE ASOCIACIONES DE DISTROFIAS HEREDITARIAS DE RETINA DE ESPAÑA FARPE;CALLE;MONTERA;24;4º J;28013;MADRID;SOL;G79386348;25/10/2006;915320707;farpe@retinosisfarpe.org;http://www.retinosisfarpe.org;DE SALUD Y APOYO MUTUO;ESTATAL;11;1;6200;600
1882;FEDERACION DE ASOCIACIONES DE MUJERES CONCEPCION ARENAL;PLAZA;CORTES;4;4º DCHA;28014;MADRID;CORTES;G80825524;05/06/2006;913555462; ;;DE MUJERES;ESTATAL;6;1;1448;262
1868;FEDERACION ESTATAL DE ASOCIACIONES DE INMIGRANTES Y REFUGIADOS EN ESPAÑA - FERINE;CALLE;NAVARRA;35;LOCAL;28039;MADRID;BELLAS VISTAS;G84548825;21/04/2006;911539953;;http://www.ferine.es;DE INMIGRANTES;ESTATAL;95;30;1920;440
1818;FEDERACION DE USUARIOS-CONSUMIDORES INDEPENDIENTES DE LA COMUNIDAD DE MADRID - CICM;CALLE;JOAQUIN COSTA;61;BJ. DCHA.;28002;MADRID;EL VISO;G79453916;21/02/2006;915640118;fuciest@hotmail.com;http://www.fucimadrid.es	 ;DE PERSONAS CONSUMIDORAS Y USUARIAS;COMUNIDAD DE MADRID;4;3;6786;4761
1806;UNION DE COOPERATIVAS DE CONSUMIDORES Y USUARIOS DE MADRID - UNCUMA;CALLE;ANCORA;10;1º-B;28045;MADRID;QUINTANA;F28582435;17/02/2006;635543582;presidencia@uncuma.coop;http://www.uncuma.coop. ;DE PERSONAS CONSUMIDORAS Y USUARIAS;COMUNIDAD DE MADRID;11;6;21936;21267
1746;FEVOCAM-PLATAFORMA DE ENTIDADES DE VOLUNTARIADO DE LA COMUNIDAD AUTONOMA DE MADRID;CALLE;MELQUIADES BIENCINTO;7;PISO 3.º;28053;MADRID;SAN DIEGO;V80630957;02/11/2005;915410436;info@fevocam.org;http://www.fevocam.org;OTRAS DE ACCIÓN SOCIAL;COMUNIDAD DE MADRID;73;67;70;144265
1727;FEDERACION UNION CIVICA NACIONAL DE CONSUMIDORES Y AMAS DE HOGAR DE ESPAÑA - UNAE;CALLE;VILLANUEVA;8;3º;28001;MADRID;RECOLETOS;G78405768;26/09/2005;915757219;jrlozano64@yahoo.es;http://www.federacionunae.com	 ;DE PERSONAS CONSUMIDORAS Y USUARIAS;COMUNIDAD DE MADRID;68;2;21719;10712
1682;AGRUPACION DE DESARROLLO LOS MOLINOS;CALLE;ANDRES MELLADO;10;BAJO D;28015;MADRID;GAZTAMBIDE;G83347088;13/07/2005;915912336;coordinacion@admolinos.org;http://www.admolinos.org 	 ;OTRAS DE ACCIÓN SOCIAL;ESTATAL;3;1;150;90
1673;FEDERACION DE ALCOHOLICOS DE LA COMUNIDAD DE MADRID;PASEO;DELICIAS;65;BLOQ A, ESC. 1, OFIC. 1;28045;MADRID                                            ;                    ;G78431764;28/06/2005;639205084;facoma1986@outlook.com;https://facoma.org/;DE SALUD Y APOYO MUTUO;COMUNIDAD DE MADRID;11;4;920;220
1608;ASDE EXPLORADORES DE MADRID;CALLE;HORTALEZA;19;1º IZDA;28004;MADRID;JUSTICIA;G78617362;13/05/2005;915219158;edm@exploradoresdemadrid.org;http://www.exploradoresdemadrid.org	 ;JUVENILES;COMUNIDAD DE MADRID;55;32;6215;3903
1583;FEDERACION INDEPENDIENTE DE ASOCIACIONES DE VECINOS DE LA COMUNIDAD DE MADRID - FIAVECAM;CALLE;VELERO;19; ;28042;MADRID;ALAMEDA DE OSUNA;G84199017;21/04/2005;913249830;fiavecam@gmail.com;;VECINALES;COMUNIDAD DE MADRID;3;3;1378;1378
1565;FEDERACION INJUCAM PARA LA PROMOCION DE LA INFANCIA Y LA JUVENTUD;CALLE;CARPINTERIA;12;PISO 1º;28037;MADRID;AMPOSTA;G82237827;17/03/2005;913240954;gestion@injucam.org;http://www.injucam.org;INFANTILES;COMUNIDAD DE MADRID;18;18;1000;850
1557;CONFEDERACION DE ASOCIACIONES DE CONSUMIDORES Y USUARIOS DE LA COMUNIDAD DE MADRID - CECU MADRID;CALLE;CAVA BAJA;30; ;28005;MADRID;PALACIO;G80684004;11/03/2005;913640276;info@cecumadrid.org;http://www.cecumadrid.org	 ;DE PERSONAS CONSUMIDORAS Y USUARIAS;COMUNIDAD DE MADRID;5;4;3154;2564
1463;FEDERACION DE MUJERES PROGRESISTAS;CALLE;RIBERA DE CURTIDORES;3; ;28005;MADRID;EMBAJADORES;G78764966;29/09/2004;915390238;notificaciones@fmujeresprogresistas.org;http://www.fmujeresprogresistas.org	 ;DE MUJERES;ESTATAL;18;18;22300;407
1457;FEDERACION ESPAÑOLA DE ENFERMEDADES RARAS - FEDER;CALLE;DOCTOR CASTELO;49;1º PLANTA;28009;MADRID;IBIZA;G91018549;15/09/2004;915334008;proyectos@enfermedades-raras.org;http://www.enfermedades-raras.org;DE SALUD Y APOYO MUTUO;ESTATAL;385;117;97600;65761
1357;FEDERACION DE ASOCIACIONES DE PERSONAS CON DISCAPACIDAD FISICA Y ORGANICA DE LA COMUNIDAD DE MADRID. FAMMA-COCEMFE MADRID;CALLE;GALILEO;69;BAJO DERECHA;28015;MADRID;ARAPILES;G78875408;06/09/2001;915933550;gestioninterna@famma.org;http://www.famma.org	 ;DE PERSONAS CON DISCAPACIDAD;COMUNIDAD DE MADRID;48;25;15645;10751
1332;FEDERACION DE GRUPOS DE TEATRO AFICIONADO Y AMATEUR DE LA COMUNIDAD DE MADRID (FETAM);PLAZA;ESPAÑA;6;PLANTA 1;28008;MADRID;PALACIO;V82233974;12/03/2001;649745076;fetam@fetam.es;http://www.fetam.es;CULTURALES Y CASAS REGIONALES;COMUNIDAD DE MADRID;68;16;810;170
1284;FEDERACION DE ASOCIACIONES EXTREMEÑAS EN LA COMUNIDAD DE MADRID;CALLE;GRAN VIA;59;4º C;28013;MADRID;PALACIO;V79110029;23/12/1999;;faecam@faecam.es;http://www.faecam.com	 ;CULTURALES Y CASAS REGIONALES;COMUNIDAD DE MADRID;26;9;9027;1845
1275;FEDERACION DE ASOCIACIONES DE VALLECAS TODO CULTURA;CALLE;LA DILIGENCIA;19;LOCAL B;28018;MADRID;PALOMERAS BAJAS;G79918793;15/09/1999;917770760;vtc@vallecastodocultura.org;http://www.vallecastodocultura.org	 ;CULTURALES Y CASAS REGIONALES;MUNICIPIO;8;8;700;700
1210;FEDERACION DE COMUNIDADES ORIGINARIAS DE CASTILLA-LA MANCHA EN LA COMUNIDAD DE MADRID;CALLE;PAZ;4;1º;28012;MADRID;SOL;G80405368;08/06/1998;915227278;olgaalberca338@gmail.com;http://www.casaclmmadrid.org;CULTURALES Y CASAS REGIONALES;COMUNIDAD DE MADRID;11;2;4000;700
