idPerson,dateTime,idDateTime,idAccident,street,streetID,district,idDistrict,wikidata_URI,accident_type,weather_status,bicycle_is_electronic,person_type,age_range,sex,hospitalized,coordinate_x_utm,coordinate_y_utm,positive_alcohol
2019S000036,2019-01-02T20:45:00+02:00,201901022045000200,2019010220450002002019S000036,AVDA. GRAN VIA DE HORTALEZA,AVDAGRANVIADEHORTALEZA,Hortaleza,HORTALEZA,https://www.wikidata.org/wiki/Q1928529,Frontal-lateral collision,Clear,0,Driver,70 - 74,Man,1,444.591.127,4.479.784.701,0
2019S000045,2019-01-03T10:30:00+02:00,201901031030000200,2019010310300002002019S000045,CTRA. DEHESA DE LA VILLA,CTRADEHESADELAVILLA,Moncloa-Aravaca,MONCLOAARAVACA,https://www.wikidata.org/wiki/Q2017682,Fall,Clear,0,Driver,15 - 17,Man,1,438.315.991,4.478.761.412,0
2019S000132,2019-01-03T12:45:00+02:00,201901031245000200,2019010312450002002019S000132,AVDA. SANTA EUGENIA,AVDASANTAEUGENIA,Villa de Vallecas,VILLADEVALLECAS,https://www.wikidata.org/wiki/Q1947988,Scope,Clear,0,Driver,18 - 20,Man,0,448.366.684,4.469.893.796,0
2019S000132,2019-01-03T12:45:00+02:00,201901031245000200,2019010312450002002019S000132,AVDA. SANTA EUGENIA,AVDASANTAEUGENIA,Villa de Vallecas,VILLADEVALLECAS,https://www.wikidata.org/wiki/Q1947988,Scope,Clear,0,Driver,21 - 24,Man,0,448.366.684,4.469.893.796,0
2019S000133,2019-01-03T14:30:00+02:00,201901031430000200,2019010314300002002019S000133,FELIPE ALVAREZ,FELIPEALVAREZ,Villa de Vallecas,VILLADEVALLECAS,https://www.wikidata.org/wiki/Q1947988,Scope,NULL,0,Driver,15 - 17,Man,0,447.078.477,4.470.344.997,0
2019S000306,2019-01-04T17:10:00+02:00,201901041710000200,2019010417100002002019S000306,PRADILLO,PRADILLO,Chamartín,CHAMARTIN,https://www.wikidata.org/wiki/Q1766348,Frontal-lateral collision,Clear,0,Driver,30 - 34,Man,0,442.893.724,4.477.784.651,0
2019S000641,2019-01-04T13:35:00+02:00,201901041335000200,2019010413350002002019S000641,CANON DEL RIO LOBOS,CANONDELRIOLOBOS,Moratalaz,MORATALAZ,https://www.wikidata.org/wiki/Q2076109,Frontal-lateral collision,Clear,0,Driver,65 - 69,Man,0,446.461.067,4.473.051.643,0
2019S000659,2019-01-01T14:00:00+02:00,201901011400000200,2019010114000002002019S000659,CASTELLO,CASTELLO,Salamanca,SALAMANCA,https://www.wikidata.org/wiki/Q1773521,Scope,Clear,0,Driver,25 - 29,Man,0,442.218.740,4.475.612.690,0
2019S000904,2019-01-07T14:00:00+02:00,201901071400000200,2019010714000002002019S000904,NUESTRA SENORA DE VALVERDE,NUESTRASENORADEVALVERDE,Fuencarral-El Pardo,FUENCARRALELPARDO,https://www.wikidata.org/wiki/Q656196,Frontal-lateral collision,Clear,0,Driver,30 - 34,Man,0,441.764.073,4.482.763.433,0
2019S001678,2019-01-09T12:50:00+02:00,201901091250000200,2019010912500002002019S001678,GRAN VIA,GRANVIA,Centro,CENTRO,https://www.wikidata.org/wiki/Q1763376,Scope,Clear,0,Driver,15 - 17,Man,NULL,439.854.516,4.474.862.412,0
2019S001738,2019-01-08T13:03:00+02:00,201901081303000200,2019010813030002002019S001738,MONASTERIO DE ARLANZA,MONASTERIODEARLANZA,Fuencarral-El Pardo,FUENCARRALELPARDO,https://www.wikidata.org/wiki/Q656196,Fall,Clear,0,Driver,25 - 29,Man,1,441.249.856,4.484.718.672,0
2019S001943,2019-01-09T14:50:00+02:00,201901091450000200,2019010914500002002019S001943,ANTONIO DE LEYVA,ANTONIODELEYVA,Carabanchel,CARABANCHEL,https://www.wikidata.org/wiki/Q1001991,Lateral collision,Clear,0,Driver,30 - 34,Man,0,439.160.331,4.471.027.621,0
2019S002373,2019-01-08T20:55:00+02:00,201901082055000200,2019010820550002002019S002373,PUERTO DE LA CRUZ VERDE,PUERTODELACRUZVERDE,Arganzuela,ARGANZUELA,https://www.wikidata.org/wiki/Q2000929,Hitting a person,Clear,0,Driver,45 - 49,Man,0,442.128.793,4.471.041.676,0
2019S002373,2019-01-08T20:55:00+02:00,201901082055000200,2019010820550002002019S002373,PUERTO DE LA CRUZ VERDE,PUERTODELACRUZVERDE,Arganzuela,ARGANZUELA,https://www.wikidata.org/wiki/Q2000929,Hitting a person,Clear,0,Pedestrian,35 - 39,Man,0,442.128.793,4.471.041.676,0
2019S002591,2019-01-12T22:15:00+02:00,201901122215000200,2019011222150002002019S002591,AVDA. POBLADOS,AVDAPOBLADOS,Carabanchel,CARABANCHEL,https://www.wikidata.org/wiki/Q1001991,Crash against fixed obstacle,Clear,0,Driver,25 - 29,Man,1,437.901.464,4.469.445.798,0
2019S002594,2019-01-12T22:45:00+02:00,201901122245000200,2019011222450002002019S002594,POLIG. ALUCHE,POLIGALUCHE,Latina,LATINA,https://www.wikidata.org/wiki/Q794954,Crash against fixed obstacle,Clear,0,Driver,25 - 29,Man,1,434.729.188,4.471.261.484,0
2019S002704,2019-01-12T13:00:00+02:00,201901121300000200,2019011213000002002019S002704,SANCHIDRIAN,SANCHIDRIAN,Latina,LATINA,https://www.wikidata.org/wiki/Q794954,Scope,Clear,0,Driver,45 - 49,Man,0,434.184.773,4.471.970.438,0
2019S002788,2019-01-14T11:10:00+02:00,201901141110000200,2019011411100002002019S002788,FLORA,FLORA,Centro,CENTRO,https://www.wikidata.org/wiki/Q1763376,Fall,Clear,0,Driver,40 - 44,Man,0,439.972.908,4.474.416.388,0
2019S002882,2019-01-10T20:30:00+02:00,201901102030000200,2019011020300002002019S002882,PASEO. JUAN ANTONIO VALLEJO,PASEOJUANANTONIOVALLEJO,Arganzuela,ARGANZUELA,https://www.wikidata.org/wiki/Q2000929,Fall,Clear,0,Driver,50 - 54,Man,1,439.999.601,4.472.603.749,0
2019S003277,2019-01-14T16:30:00+02:00,201901141630000200,2019011416300002002019S003277,SANTA GENOVEVA,SANTAGENOVEVA,Ciudad Lineal,CIUDADLINEAL,https://www.wikidata.org/wiki/Q1763694,Lateral collision,Clear,0,Driver,50 - 54,Woman,0,445.098.521,4.475.348.003,0
2019S003283,2019-01-11T16:00:00+02:00,201901111600000200,2019011116000002002019S003283,GRAN VIA,GRANVIA,Centro,CENTRO,https://www.wikidata.org/wiki/Q1763376,Frontal-lateral collision,Clear,0,Driver,25 - 29,Man,0,439.942.934,4.474.788.750,0
2019S003306,2019-01-16T09:00:00+02:00,20190116900000200,201901169000002002019S003306,AVDA. DAROCA,AVDADAROCA,Ciudad Lineal,CIUDADLINEAL,https://www.wikidata.org/wiki/Q1763694,Frontal-lateral collision,Clear,0,Driver,35 - 39,Man,1,446.159.016,4.474.638.061,0
2019S003364,2019-01-12T13:03:00+02:00,201901121303000200,2019011213030002002019S003364,AVDA. ENSANCHE DE VALLECAS,AVDAENSANCHEDEVALLECAS,Villa de Vallecas,VILLADEVALLECAS,https://www.wikidata.org/wiki/Q1947988,Frontal-lateral collision,NULL,0,Driver,15 - 17,Woman,0,448.350.971,4.468.767.824,0
2019S003463,2019-01-14T22:45:00+02:00,201901142245000200,2019011422450002002019S003463,MIGUEL ANGEL,MIGUELANGEL,Chamberí,CHAMBERI,https://www.wikidata.org/wiki/Q1763370,Frontal-lateral collision,NULL,0,Driver,25 - 29,Man,NULL,441.368.335,4.476.287.483,0
2019S003662,2019-01-17T06:00:00+02:00,20190117600000200,201901176000002002019S003662,DOCE DE OCTUBRE,DOCEDEOCTUBRE,Retiro,RETIRO,https://www.wikidata.org/wiki/Q2002296,Crash against fixed obstacle,Clear,0,Driver,18 - 20,Man,1,442.783.223,4.474.144.945,0
2019S003749,2019-01-16T15:20:00+02:00,201901161520000200,2019011615200002002019S003749,PLAZA. CONDE DEL VALLE DE SUCHIL,PLAZACONDEDELVALLEDESUCHIL,Chamberí,CHAMBERI,https://www.wikidata.org/wiki/Q1763370,Fall,Clear,0,Driver,55 - 59,Woman,0,439.979.228,4.475.787.600,0
2019S004134,2019-01-14T20:20:00+02:00,201901142020000200,2019011420200002002019S004134,PASEO. EL PARDO,PASEOELPARDO,Fuencarral-El Pardo,FUENCARRALELPARDO,https://www.wikidata.org/wiki/Q656196,Fall,Clear,0,Driver,40 - 44,Man,1,434.035.836,4.486.268.312,0
2019S004151,2019-01-17T16:15:00+02:00,201901171615000200,2019011716150002002019S004151,SERRANO,SERRANO,Chamartín,CHAMARTIN,https://www.wikidata.org/wiki/Q1766348,Scope,Clear,0,Driver,45 - 49,Woman,0,441.850.714,4.477.304.341,0
2019S004271,2019-01-18T18:05:00+02:00,201901181805000200,2019011818050002002019S004271,AVDA. FERMINA SEVILLANO,AVDAFERMINASEVILLANO,San Blas,SANBLAS,https://www.wikidata.org/wiki/Q2001937,Frontal collision,NULL,0,Driver,45 - 49,Man,NULL,451.549.039,4.477.091.339,1
2019S004528,2019-01-19T21:10:00+02:00,201901192110000200,2019011921100002002019S004528,PLAZA. INDEPENDENCIA,PLAZAINDEPENDENCIA,Salamanca,SALAMANCA,https://www.wikidata.org/wiki/Q1773521,Frontal-lateral collision,Light rain,0,Driver,25 - 29,Man,1,441.529.911,4.474.604.135,0
2019S004582,2019-01-19T11:10:00+02:00,201901191110000200,2019011911100002002019S004582,CTRA. EL PARDO A FUENCARRAL,CTRAELPARDOAFUENCARRAL,Fuencarral-El Pardo,FUENCARRALELPARDO,https://www.wikidata.org/wiki/Q656196,Fall,Clear,0,Driver,30 - 34,Man,1,438.875.430,4.484.216.739,0
2019S004601,2019-01-17T19:50:00+02:00,201901171950000200,2019011719500002002019S004601,ARENAL,ARENAL,Centro,CENTRO,https://www.wikidata.org/wiki/Q1763376,Lateral collision,Clear,0,Driver,21 - 24,Man,0,439.899.054,4.474.381.586,0
2019S004769,2019-01-18T07:55:00+02:00,20190118755000200,201901187550002002019S004769,GENOVA,GENOVA,Centro,CENTRO,https://www.wikidata.org/wiki/Q1763376,Fall,Clear,0,Driver,50 - 54,Man,1,441.007.753,4.475.438.297,0
2019S004939,2019-01-21T16:50:00+02:00,201901211650000200,2019012116500002002019S004939,SAN ENRIQUE DE OSSO,SANENRIQUEDEOSSO,Hortaleza,HORTALEZA,https://www.wikidata.org/wiki/Q1928529,Frontal-lateral collision,Clear,0,Driver,10 - 14,Man,1,445.590.705,4.484.052.684,0
2019S005036,2019-01-24T11:15:00+02:00,201901241115000200,2019012411150002002019S005036,BRAVO MURILLO,BRAVOMURILLO,Tetuán,TETUAN,https://www.wikidata.org/wiki/Q1773540,Hitting a person,Clear,0,Driver,55 - 59,Man,0,440.734.502,4.479.027.422,0
2019S005036,2019-01-24T11:15:00+02:00,201901241115000200,2019012411150002002019S005036,BRAVO MURILLO,BRAVOMURILLO,Tetuán,TETUAN,https://www.wikidata.org/wiki/Q1773540,Hitting a person,Clear,0,Pedestrian,55 - 59,Woman,0,440.734.502,4.479.027.422,0
2019S005062,2019-01-23T15:38:00+02:00,201901231538000200,2019012315380002002019S005062,AVDA. ALBUFERA,AVDAALBUFERA,Puente de Vallecas,PUENTEDEVALLECAS,https://www.wikidata.org/wiki/Q2003054,Frontal-lateral collision,Clear,0,Driver,65 - 69,Man,0,444.209.966,4.471.480.436,0
2019S005101,2019-01-18T13:00:00+02:00,201901181300000200,2019011813000002002019S005101,VILLABLANCA,VILLABLANCA,Vicálvaro,VICALVARO,https://www.wikidata.org/wiki/Q589403,Frontal-lateral collision,Clear,0,Driver,60 - 64,Man,1,448.452.543,4.473.281.704,0
2019S005992,2019-01-25T09:12:00+02:00,20190125912000200,201901259120002002019S005992,CALLE ALFONSO XI,CALLEALFONSOXI,Retiro,RETIRO,https://www.wikidata.org/wiki/Q2002296,Frontal-lateral collision,Clear,0,Driver,35 - 39,Man,0,441.419.410,4.474.558.056,0
2019S006032,2019-01-26T21:35:00+02:00,201901262135000200,2019012621350002002019S006032,MARIA DE MOLINA,MARIADEMOLINA,Salamanca,SALAMANCA,https://www.wikidata.org/wiki/Q1773521,Scope,Clear,0,Driver,25 - 29,Man,0,442.430.470,4.476.525.038,0
2019S006478,2019-01-28T18:00:00+02:00,201901281800000200,2019012818000002002019S006478,MENDEZ ALVARO,MENDEZALVARO,Arganzuela,ARGANZUELA,https://www.wikidata.org/wiki/Q2000929,Fall,Clear,0,Driver,55 - 59,Man,0,442.507.828,4.471.603.239,0
2019S006501,2019-01-27T16:15:00+02:00,201901271615000200,2019012716150002002019S006501,ALCALA,ALCALA,Centro,CENTRO,https://www.wikidata.org/wiki/Q1763376,Hitting a person,Clear,0,Driver,25 - 29,Man,1,440.960.299,4.474.465.363,0
2019S006501,2019-01-27T16:15:00+02:00,201901271615000200,2019012716150002002019S006501,ALCALA,ALCALA,Centro,CENTRO,https://www.wikidata.org/wiki/Q1763376,Hitting a person,Clear,0,Pedestrian,25 - 29,Woman,0,440.960.299,4.474.465.363,0
2019S006584,2019-01-12T22:25:00+02:00,201901122225000200,2019011222250002002019S006584,GENERAL RICARDOS,GENERALRICARDOS,Carabanchel,CARABANCHEL,https://www.wikidata.org/wiki/Q1001991,Frontal-lateral collision,Clear,0,Driver,18 - 20,Man,0,437.897.401,4.471.144.739,0
2019S006649,2019-01-30T11:41:00+02:00,201901301141000200,2019013011410002002019S006649,TOMASA RUIZ,TOMASARUIZ,Carabanchel,CARABANCHEL,https://www.wikidata.org/wiki/Q1001991,Crash against fixed obstacle,Clear,0,Driver,30 - 34,Man,NULL,439.683.831,4.471.991.241,0
2019S006655,2019-01-30T13:20:00+02:00,201901301320000200,2019013013200002002019S006655,AVDA. CARABANCHEL ALTO,AVDACARABANCHELALTO,Carabanchel,CARABANCHEL,https://www.wikidata.org/wiki/Q1001991,Frontal collision,Clear,0,Driver,10 - 14,Woman,0,436.009.268,4.468.610.210,0
2019S007634,2019-01-24T19:58:00+02:00,201901241958000200,2019012419580002002019S007634,AVDA. ALBUFERA,AVDAALBUFERA,Puente de Vallecas,PUENTEDEVALLECAS,https://www.wikidata.org/wiki/Q2003054,Lateral collision,Clear,0,Driver,30 - 34,Man,0,443.619.585,4.471.900.704,0
2019S007753,2019-02-02T0:03:00+02:00,20190202003000200,201902020030002002019S007753,MARIA DE MOLINA,MARIADEMOLINA,Salamanca,SALAMANCA,https://www.wikidata.org/wiki/Q1773521,Fall,Clear,0,Driver,35 - 39,Man,1,441.729.535,4.476.572.025,0
2019S007855,2019-02-01T13:30:00+02:00,201902011330000200,2019020113300002002019S007855,DOCTOR ESQUERDO,DOCTORESQUERDO,Retiro,RETIRO,https://www.wikidata.org/wiki/Q2002296,Scope,Clear,0,Driver,35 - 39,Woman,0,443.187.871,4.473.979.902,0
2019S007891,2019-02-01T0:15:00+02:00,20190201015000200,201902010150002002019S007891,FRANCISCO SANTOS,FRANCISCOSANTOS,Salamanca,SALAMANCA,https://www.wikidata.org/wiki/Q1773521,Frontal-lateral collision,Light rain,0,Driver,45 - 49,Man,0,443.411.557,4.476.215.867,0
2019S007920,2019-02-02T11:07:00+02:00,201902021107000200,2019020211070002002019S007920,MARCELO USERA,MARCELOUSERA,Usera,USERA,https://www.wikidata.org/wiki/Q953368,Hitting a person,Clear,0,Driver,50 - 54,Woman,0,439.556.926,4.470.765.498,0
2019S007920,2019-02-02T11:07:00+02:00,201902021107000200,2019020211070002002019S007920,MARCELO USERA,MARCELOUSERA,Usera,USERA,https://www.wikidata.org/wiki/Q953368,Hitting a person,Clear,0,Pedestrian,70 - 74,Woman,0,439.556.926,4.470.765.498,0
2019S008448,2019-02-06T08:05:00+02:00,20190206805000200,201902068050002002019S008448,AVDA. LLANO CASTELLANO,AVDALLANOCASTELLANO,Fuencarral-El Pardo,FUENCARRALELPARDO,https://www.wikidata.org/wiki/Q656196,Hitting a person,Clear,0,Driver,45 - 49,Man,1,441.854.106,4.482.446.712,0
2019S008448,2019-02-06T08:05:00+02:00,20190206805000200,201902068050002002019S008448,AVDA. LLANO CASTELLANO,AVDALLANOCASTELLANO,Fuencarral-El Pardo,FUENCARRALELPARDO,https://www.wikidata.org/wiki/Q656196,Hitting a person,Clear,0,Pedestrian,15 - 17,Woman,0,441.854.106,4.482.446.712,0
2019S008460,2019-02-01T01:40:00+02:00,20190201140000200,201902011400002002019S008460,SANTA ENGRACIA,SANTAENGRACIA,Chamberí,CHAMBERI,https://www.wikidata.org/wiki/Q1763370,Frontal-lateral collision,Light rain,0,Driver,21 - 24,Man,0,440.471.429,4.477.057.485,0
2019S008489,2019-02-06T10:25:00+02:00,201902061025000200,2019020610250002002019S008489,JUAN BRAVO,JUANBRAVO,Salamanca,SALAMANCA,https://www.wikidata.org/wiki/Q1773521,Frontal collision,Clear,0,Driver,50 - 54,Man,1,442.186.653,4.476.021.595,0
2019S008627,2019-02-06T17:30:00+02:00,201902061730000200,2019020617300002002019S008627,ALCALA,ALCALA,Salamanca,SALAMANCA,https://www.wikidata.org/wiki/Q1773521,Scope,Clear,0,Driver,40 - 44,Man,NULL,442.981.558,4.475.311.486,0
2019S008637,2019-02-03T17:00:00+02:00,201902031700000200,2019020317000002002019S008637,ALTAMIRANO,ALTAMIRANO,Moncloa-Aravaca,MONCLOAARAVACA,https://www.wikidata.org/wiki/Q2017682,Fall,Clear,0,Driver,45 - 49,Woman,1,438.742.262,4.475.674.435,0
2019S008855,2019-02-06T19:40:00+02:00,201902061940000200,2019020619400002002019S008855,AGUSTIN DE FOXA,AGUSTINDEFOXA,Chamartín,CHAMARTIN,https://www.wikidata.org/wiki/Q1766348,Frontal-lateral collision,Clear,0,Driver,30 - 34,Man,1,442.026.904,4.480.356.125,0
2019S009001,2019-02-07T09:15:00+02:00,20190207915000200,201902079150002002019S009001,PRADILLO,PRADILLO,Chamartín,CHAMARTIN,https://www.wikidata.org/wiki/Q1766348,Crash against fixed obstacle,Clear,0,Driver,35 - 39,Man,0,443.119.342,4.477.826.407,0
2019S009106,2019-02-07T18:50:00+02:00,201902071850000200,2019020718500002002019S009106,PRINCIPE DE VERGARA,PRINCIPEDEVERGARA,Chamartín,CHAMARTIN,https://www.wikidata.org/wiki/Q1766348,Fall,Clear,0,Driver,35 - 39,Woman,1,442.422.865,4.476.979.381,0
2019S009136,2019-02-07T16:10:00+02:00,201902071610000200,2019020716100002002019S009136,VALLEHERMOSO,VALLEHERMOSO,Chamberí,CHAMBERI,https://www.wikidata.org/wiki/Q1763370,Scope,NULL,0,Driver,30 - 34,Man,NULL,439.898.793,4.476.277.418,0
2019S009150,2019-02-06T16:40:00+02:00,201902061640000200,2019020616400002002019S009150,GRAN VIA,GRANVIA,Centro,CENTRO,https://www.wikidata.org/wiki/Q1763376,Fall,Clear,0,Driver,35 - 39,Man,1,440.876.375,4.474.498.071,0
2019S009715,2019-02-10T13:45:00+02:00,201902101345000200,2019021013450002002019S009715,PRINCIPE DE VERGARA,PRINCIPEDEVERGARA,Chamartín,CHAMARTIN,https://www.wikidata.org/wiki/Q1766348,Lateral collision,Clear,0,Driver,21 - 24,Man,0,442.551.261,4.478.226.356,0
2019S009731,2019-02-08T22:30:00+02:00,201902082230000200,2019020822300002002019S009731,ALCALA,ALCALA,Centro,CENTRO,https://www.wikidata.org/wiki/Q1763376,Fall,NULL,0,Driver,50 - 54,Woman,0,440.571.640,4.474.339.291,0
2019S009733,2019-02-10T16:05:00+02:00,201902101605000200,2019021016050002002019S009733,PASEO. REINA CRISTINA,PASEOREINACRISTINA,Retiro,RETIRO,https://www.wikidata.org/wiki/Q2002296,Frontal-lateral collision,NULL,0,Driver,21 - 24,Man,NULL,442.124.157,4.473.170.424,0
2019S009806,2019-02-08T21:40:00+02:00,201902082140000200,2019020821400002002019S009806,MESON DE PAREDES,MESONDEPAREDES,Centro,CENTRO,https://www.wikidata.org/wiki/Q1763376,Frontal-lateral collision,Clear,0,Driver,25 - 29,Man,0,440.179.370,4.473.656.788,0
2019S009942,2019-02-11T14:15:00+02:00,201902111415000200,2019021114150002002019S009942,ALCALA,ALCALA,Salamanca,SALAMANCA,https://www.wikidata.org/wiki/Q1773521,Scope,Clear,0,Driver,25 - 29,Man,0,442.051.387,4.474.763.641,0
2019S009957,2019-02-11T16:13:00+02:00,201902111613000200,2019021116130002002019S009957,SERRANO,SERRANO,Salamanca,SALAMANCA,https://www.wikidata.org/wiki/Q1773521,Scope,Clear,0,Driver,35 - 39,Man,0,441.589.896,4.474.763.660,0
2019S010276,2019-02-02T11:30:00+02:00,201902021130000200,2019020211300002002019S010276,MARTINEZ DE LA RIVA,MARTINEZDELARIVA,Puente de Vallecas,PUENTEDEVALLECAS,https://www.wikidata.org/wiki/Q2003054,Lateral collision,Clear,0,Driver,40 - 44,Man,NULL,443.347.135,4.471.841.353,0
2019S010289,2019-02-11T09:15:00+02:00,20190211915000200,201902119150002002019S010289,MIGUEL ANGEL,MIGUELANGEL,Chamberí,CHAMBERI,https://www.wikidata.org/wiki/Q1763370,Frontal-lateral collision,Clear,0,Driver,25 - 29,Man,1,441.421.050,4.476.531.115,0
2019S010293,2019-02-12T22:00:00+02:00,201902122200000200,2019021222000002002019S010293,PASEO. PRADO,PASEOPRADO,Centro,CENTRO,https://www.wikidata.org/wiki/Q1763376,Scope,Clear,0,Driver,25 - 29,Man,1,441.118.925,4.474.411.318,0
2019S010360,2019-02-13T14:25:00+02:00,201902131425000200,2019021314250002002019S010360,CONDE DE PENALVER,CONDEDEPENALVER,Salamanca,SALAMANCA,https://www.wikidata.org/wiki/Q1773521,Scope,Clear,0,Driver,55 - 59,Woman,1,442.717.608,4.475.606.378,0
2019S010365,2019-02-12T19:05:00+02:00,201902121905000200,2019021219050002002019S010365,GTA. QUEVEDO,GTAQUEVEDO,Chamberí,CHAMBERI,https://www.wikidata.org/wiki/Q1763370,Lateral collision,Clear,0,Driver,30 - 34,Man,0,440.249.383,4.476.111.443,0
2019S010653,2019-02-14T14:20:00+02:00,201902141420000200,2019021414200002002019S010653,PASEO. INFANTA ISABEL,PASEOINFANTAISABEL,Retiro,RETIRO,https://www.wikidata.org/wiki/Q2002296,Lateral collision,Clear,0,Driver,21 - 24,Man,0,441.641.903,4.473.131.909,0
2019S010716,2019-02-14T18:00:00+02:00,201902141800000200,2019021418000002002019S010716,AVDA. MENENDEZ PELAYO,AVDAMENENDEZPELAYO,Retiro,RETIRO,https://www.wikidata.org/wiki/Q2002296,Fall,Clear,0,Driver,35 - 39,Woman,NULL,442.250.850,4.472.927.385,0
2019S010849,2019-02-14T20:00:00+02:00,201902142000000200,2019021420000002002019S010849,SANTA ENGRACIA,SANTAENGRACIA,Chamberí,CHAMBERI,https://www.wikidata.org/wiki/Q1763370,Hitting a person,Clear,0,Driver,25 - 29,Man,1,440.962.718,4.475.537.912,0
2019S010849,2019-02-14T20:00:00+02:00,201902142000000200,2019021420000002002019S010849,SANTA ENGRACIA,SANTAENGRACIA,Chamberí,CHAMBERI,https://www.wikidata.org/wiki/Q1763370,Hitting a person,Clear,0,Pedestrian,25 - 29,Man,0,440.962.718,4.475.537.912,0
2019S010852,2019-02-13T17:30:00+02:00,201902131730000200,2019021317300002002019S010852,SILVANO,SILVANO,Hortaleza,HORTALEZA,https://www.wikidata.org/wiki/Q1928529,Hitting a person,Clear,0,Driver,45 - 49,Man,1,446.769.157,4.479.288.081,0
2019S010852,2019-02-13T17:30:00+02:00,201902131730000200,2019021317300002002019S010852,SILVANO,SILVANO,Hortaleza,HORTALEZA,https://www.wikidata.org/wiki/Q1928529,Hitting a person,Clear,0,Pedestrian,21 - 24,Woman,0,446.769.157,4.479.288.081,0
2019S010855,2019-02-14T18:00:00+02:00,201902141800000200,2019021418000002002019S010855,AUTOV. M-40,AUTOVM40,Moratalaz,MORATALAZ,https://www.wikidata.org/wiki/Q2076109,Scope,Clear,0,Driver,50 - 54,Man,0,447.036.201,4.473.090.434,0
2019S010907,2019-01-25T04:00:00+02:00,20190125400000200,201901254000002002019S010907,GRAN VIA,GRANVIA,Centro,CENTRO,https://www.wikidata.org/wiki/Q1763376,Frontal-lateral collision,NULL,0,Driver,21 - 24,Man,1,439.723.297,4.474.977.990,0
2019S010951,2019-02-15T14:10:00+02:00,201902151410000200,2019021514100002002019S010951,GTA. ANGEL CAIDO,GTAANGELCAIDO,Retiro,RETIRO,https://www.wikidata.org/wiki/Q2002296,Fall,Clear,0,Driver,45 - 49,Woman,1,442.044.127,4.473.590.577,0
2019S011089,2019-02-16T14:05:00+02:00,201902161405000200,2019021614050002002019S011089,RONDA DE VALENCIA,RONDADEVALENCIA,Centro,CENTRO,https://www.wikidata.org/wiki/Q1763376,Lateral collision,Clear,0,Driver,35 - 39,Man,NULL,440.448.384,4.472.982.627,0
2019S011128,2019-02-17T09:00:00+02:00,20190217900000200,201902179000002002019S011128,AVDA. POBLADOS,AVDAPOBLADOS,Carabanchel,CARABANCHEL,https://www.wikidata.org/wiki/Q1001991,Scope,Clear,0,Driver,35 - 39,Man,1,438.819.807,4.468.985.406,0
2019S011335,2019-02-16T17:10:00+02:00,201902161710000200,2019021617100002002019S011335,PASEO. CHOPERA,PASEOCHOPERA,Arganzuela,ARGANZUELA,https://www.wikidata.org/wiki/Q2000929,Fall,Clear,0,Driver,35 - 39,Woman,1,440.402.235,4.471.979.964,0
2019S011338,2019-02-16T19:55:00+02:00,201902161955000200,2019021619550002002019S011338,JOAQUIN TURINA,JOAQUINTURINA,Carabanchel,CARABANCHEL,https://www.wikidata.org/wiki/Q1001991,Fall,Clear,0,Driver,45 - 49,Woman,1,436.049.152,4.469.354.022,0
2019S012142,2019-02-20T07:45:00+02:00,20190220745000200,201902207450002002019S012142,ATOCHA,ATOCHA,Centro,CENTRO,https://www.wikidata.org/wiki/Q1763376,Fall,Clear,0,Driver,15 - 17,Woman,0,440.998.615,4.473.545.957,0
2019S012186,2019-02-19T11:57:00+02:00,201902191157000200,2019021911570002002019S012186,IGLESIAS EXTRAMUROS,IGLESIASEXTRAMUROS,Latina,LATINA,https://www.wikidata.org/wiki/Q794954,Frontal-lateral collision,Clear,0,Driver,50 - 54,Man,0,435.087.085,4.468.859.526,0
2019S013090,2019-02-23T21:15:00+02:00,201902232115000200,2019022321150002002019S013090,PLAZA. ESPANA,PLAZAESPANA,Moncloa-Aravaca,MONCLOAARAVACA,https://www.wikidata.org/wiki/Q2017682,Scope,Clear,0,Driver,21 - 24,Man,1,439.497.277,4.475.020.228,0
2019S013198,2019-02-23T10:35:00+02:00,201902231035000200,2019022310350002002019S013198,PARROCO EUSEBIO CUENCA,PARROCOEUSEBIOCUENCA,Arganzuela,ARGANZUELA,https://www.wikidata.org/wiki/Q2000929,Fall,Clear,0,Driver,40 - 44,Man,1,441.575.543,4.471.866.182,0
2019S013570,2019-02-25T16:50:00+02:00,201902251650000200,2019022516500002002019S013570,ESPARTEROS,ESPARTEROS,Centro,CENTRO,https://www.wikidata.org/wiki/Q1763376,Fall,Clear,0,Driver,30 - 34,Woman,0,440.166.601,4.474.137.004,0
2019S013666,2019-02-20T10:30:00+02:00,201902201030000200,2019022010300002002019S013666,MANCHA,MANCHA,Puente de Vallecas,PUENTEDEVALLECAS,https://www.wikidata.org/wiki/Q2003054,Lateral collision,Clear,0,Driver,25 - 29,Man,1,443.240.362,4.470.333.673,0
2019S013729,2019-01-29T16:26:00+02:00,201901291626000200,2019012916260002002019S013729,PASEO. RECOLETOS,PASEORECOLETOS,Centro,CENTRO,https://www.wikidata.org/wiki/Q1763376,Fall,Light rain,0,Driver,45 - 49,Man,1,441.287.733,4.474.891.012,0
2019S013751,2019-02-27T10:25:00+02:00,201902271025000200,2019022710250002002019S013751,PASEO. FERNAN NUNEZ,PASEOFERNANNUNEZ,Retiro,RETIRO,https://www.wikidata.org/wiki/Q2002296,Fall,Clear,0,Driver,50 - 54,Man,1,441.693.351,4.473.490.477,0
2019S013812,2019-02-27T18:40:00+02:00,201902271840000200,2019022718400002002019S013812,PASEO. GENERAL MARTINEZ CAMPOS,PASEOGENERALMARTINEZCAMPOS,Chamberí,CHAMBERI,https://www.wikidata.org/wiki/Q1763370,Scope,Clear,0,Driver,55 - 59,Man,0,440.940.647,4.476.279.170,0
2019S013863,2019-02-28T08:45:00+02:00,20190228845000200,201902288450002002019S013863,GTA. SINTRA,GTASINTRA,Barajas,BARAJAS,https://www.wikidata.org/wiki/Q807230,Frontal-lateral collision,Clear,0,Driver,45 - 49,Man,0,447.982.355,4.480.245.196,0
2019S013888,2019-02-28T07:30:00+02:00,20190228730000200,201902287300002002019S013888,PASEO. CASTELLANA,PASEOCASTELLANA,Chamberí,CHAMBERI,https://www.wikidata.org/wiki/Q1763370,Fall,Clear,0,Driver,18 - 20,Man,0,441.526.705,4.475.814.984,0
2019S013972,2019-03-02T04:00:00+02:00,20190302400000200,201903024000002002019S013972,PASEO. PRADO,PASEOPRADO,Centro,CENTRO,https://www.wikidata.org/wiki/Q1763376,Fall,Clear,0,Driver,50 - 54,Man,0,441.241.952,4.473.478.808,1
2019S013999,2019-03-01T13:00:00+02:00,201903011300000200,2019030113000002002019S013999,MODESTO LAFUENTE,MODESTOLAFUENTE,Chamberí,CHAMBERI,https://www.wikidata.org/wiki/Q1763370,Fall,Clear,0,Driver,50 - 54,Man,0,440.995.376,4.477.322.478,0