id,type,name,address,detail,zip_code,city,district,subdistrict,tax_code,register_date,phone,email,internet,category,geographical_scope,asoc_totales,asoc_madrid,socios_madrid,num_affilitates,belongs_to
0ffb5f23d8f776c37352368173ae3541,FEDERATION,PLENA INCLUSION MADRID. ORGANIZACION DE ENTIDADES EN FAVOR DE PERSONAS CON DISCAPACIDAD INTELECTUAL DE MADRID,"AVENIDA CIUDAD DE BARCELONA,108.0",ESC. 2ª BJ. DCHA.,28007,MADRID,PACIFICO,,G28729853,1994-05-02T20:00:00Z,915018335,info@plenamadrid.org,http://plenainclusionmadrid.org/,DE PERSONAS CON DISCAPACIDAD,COMUNIDAD DE MADRID,118,65,15000, , 
c2c945c34a7f5fc41c82497b398628e3,FEDERATION,COORDINADORA INFANTIL Y JUVENIL DE TIEMPO LIBRE DE VALLECAS,"CALLE JAVIER DE MIGUEL,92.0",2,,MADRID,unknown,,unknown,unknown,unknown,unknown,Unkown,Unkwon,unknown,unknown,unknown,unknown, , 
5742f4683ffcd64873b28c2c386533da,FEDERATION,FEDERACION CATOLICA  DE ASOCIACIONES DE PADRES DE FAMILIA Y PADRES DE ALUMNOS DE MADRID - FECAPA,"CALLE DON RAMON DE LA CRUZ,90.0",1º IZDA.,28006,MADRID,GOYA,,G28719193,1991-11-11T22:00:00Z,unknown,madrid@fecapa.e.telefonica.net,Unkown,DE MADRES Y PADRES DEL ALUMNADO,COMUNIDAD DE MADRID,237,192,180000, , 
03b4528282851fa9f10e6c506bedc91e,FEDERATION,FEDERACION REGIONAL DE ASOCIACIONES VECINALES DE MADRID - FRAVM,"CALLE CAMINO DE LOS VINATEROS,53.0",BIS 1º,28030,MADRID,MEDIA LEGUA,,G28749836,1988-04-06T20:00:00Z,917252909,ADMINISTRACION@AAVVMADRID.ORG,http://www.aavvmadrid.org,VECINALES,COMUNIDAD DE MADRID,289,184,89663, , 
479b733d8008a6ab2dbb6ce7a29d5457,FEDERATION,FERMAD - PLATAFORMA MADRILEÑA DE ENTIDADES PARA LA ASISTENCIA A LA PERSONA ADICTA Y SU FAMILIA,"CALLE CONDE DE ROMANONES,9.0",4º DCHA.,28012,MADRID,EMBAJADORES,,G78406550,1990-10-04T22:00:00Z,913694448,fermad@telefonica.net,http://www.fermad.org,DE SALUD Y APOYO MUTUO,COMUNIDAD DE MADRID,22,19,1158, , 
f54c4f05d25fe92ee4e7cb8aec1ce998,FEDERATION,CONFEDERACION ESPAÑOLA DE AULAS DE TERCERA EDAD,"AVENIDA AMERICA,1.0",,,MADRID,unknown,,unknown,2022-07-20T20:00:00Z,696297014,admin@ceate.es,www.ceate.es,DE PERSONAS MAYORES,unknown,unknown,unknown,unknown, , 
92b8faff2a3b77e283ee4a3c9e150a58,FEDERATION,FEDERACION DE ASOCIACIONES PARA LA DEFENSA DE LA SANIDAD PUBLICA,"CALLE ARROYO DE LA MEDIA LEGUA,29.0",PUERTA 49,,MADRID,unknown,,G81042236,2022-07-17T20:00:00Z,913339087,fadspu@gmail.com,www.fadsp.es,DE SALUD Y APOYO MUTUO,ESTATAL,12,9747,2042, , 
274146415baaa9c018f19bb2942eb10e,FEDERATION,FEDERACION DE VECINOS DE MADRID - VEM,"CALLE VICTOR ANDRES BELAUNDE,52.0",PISO BAJO,,MADRID,unknown,,unknown,unknown,unknown,unknown,Unkown,Unkwon,unknown,unknown,unknown,unknown, , 
351fa9111aaa7629241aaceb4d9d1c21,FEDERATION,FEDERACION DE ASOCIACIONES DE MUJERES “LIBRES Y COMBATIVAS” DE LA COMUNIDAD DE MADRID,"CALLE HERMANOS DEL MORAL,33.0",PLANTA BAJA,,MADRID,unknown,,unknown,unknown,unknown,unknown,Unkown,Unkwon,unknown,unknown,unknown,unknown, , 
c2340b54f0fac7640e662baaabee4417,FEDERATION,"FEDERACION DE LA COMUNIDAD DE MADRID DE ASOCIACIONES DE PADRES Y MADRES DEL ALUMNADO ""FRANCISCO GINER DE LOS RIOS""","CALLE PILAR DE ZARAGOZA,22.0",BAJO-JARDIN,28028,MADRID,GUINDALERA,,G28848497,1989-06-29T20:00:00Z,915539773,info@fapaginerdelosrios.es,http://www.fapaginerdelosrios.org,DE MADRES Y PADRES DEL ALUMNADO,COMUNIDAD DE MADRID,903,379,56852, , 
3dbf7aa4dbf4774e89071ccc138a6781,FEDERATION,FEDERACION DE ASOCIACIONES CIUDADANAS DE CONSUMIDORES Y USUARIOS MADRID - FACUM,"CALLE CAVA BAJA,30.0",LOCAL 7,28005,MADRID,PALACIO,,G79281424,1989-06-26T20:00:00Z,913640276,info@cecumadrid.org,Unkown,DE PERSONAS CONSUMIDORAS Y USUARIAS,COMUNIDAD DE MADRID,3,3,1030, , 
bab311caa9a3a965da04cb28bca43f74,FEDERATION,FEDERACION DE ASOCIACIONES PARA LA PREVENCION DEL MALTRATO INFANTIL,"CALLE DELICIAS,8.0",ENTREPLANTA,,MADRID,unknown,,G79986493,2021-11-24T22:00:00Z,914682662,alejandra.pascual@fapmi.es,www.fapmi.es,OTRAS DE ACCIÓN SOCIAL,ESTATAL,10,1,0, , 
589492da11444148a0507bd23f0091f2,FEDERATION,CONFEDERACION ESPAÑOLA DE PERSONAS CON DISCAPACIDAD FISICA Y ORGANICA (COCEMFE),"CALLE EUGENIO SALAZAR,2.0",,,MADRID,unknown,,G28681955,2021-09-27T20:00:00Z,917443600,juridico@cocemfe.es,www.cocemfe.es,DE PERSONAS CON DISCAPACIDAD,ESTATAL,91,30,225340, , 
448e4b1a0ea7d2f25c23a1df498ebfb1,FEDERATION,FEDERACION MADRILEÑA DE ESPELEOLOGIA,"AVENIDA SALAS DE LOS INFANTES,1.0",PISO 3º,,MADRID,unknown,,unknown,unknown,unknown,unknown,Unkown,Unkwon,unknown,unknown,unknown,unknown, , 
ee98aa2e3193d47b5f20893bdddc2f2c,FEDERATION,FEDERACION DE PERITOS,,,,MADRID,unknown,,unknown,unknown,unknown,unknown,Unkown,Unkwon,unknown,unknown,unknown,unknown, , 
7b3c01cf6e6339f51e5e3a7c63816935,FEDERATION,FEDERACION ERASMUS STUDENT NETWORK ESPAÑA,"CALLE EINSTEIN,7.0",,,MADRID,unknown,,V83340406,2021-05-27T20:00:00Z,631482642,secretariado@esn-spain.org,Unkown,DE ESTUDIANTES /ALUMNADO,ESTATAL,38,5,5190, , 
64bf997801072f7d09590fd8adee68f0,FEDERATION,FEMADEN – FEDERACION MADRILEÑA DE ENFERMEDADES NEUROLOGICAS,"CAMINO VALDERRIBAS,115.0",BAJO,,MADRID,unknown,,G83868778,2021-05-24T20:00:00Z,647620736,femaden@femaden.org,http://www.femaden.org,DE PERSONAS CON DISCAPACIDAD,COMUNIDAD DE MADRID,4,4,3470, , 
78b6be1b15d26fe0d799364ea7103572,FEDERATION,FEDERACION DE ASOCIACIONES REGIONALES DE ESTUDIANTES DE CIENCIAS ECONOMICAS Y EMPRESARIALES - AIESEC EN ESPAÑA,"CALLE LA REGALADA,5.0",3º-A,,MADRID,unknown,,G80240096,2021-03-29T20:00:00Z,640194223,finanzasylegalidad@aiesec.es,Unkown,DE ESTUDIANTES /ALUMNADO,ESTATAL,8,1,25, , 
85d7d87cc5f90f03ccdc65b3d7764f7f,FEDERATION,FEDERACION MADRILEÑA DE MONTAÑISMO,"AVENIDA SALAS DE LOS INFANTES,1.0",5º PISO,,MADRID,unknown,,unknown,unknown,unknown,unknown,Unkown,Unkwon,unknown,unknown,unknown,unknown, , 
449946f85d784075bcc445babdc23bfb,FEDERATION,PLATAFORMA DE ORGANIZACIONES DE INFANCIA DE LA COMUNIDAD - POI MADRID,"CALLE ESCOSURA,3.0",LOCAL 2,,MADRID,unknown,,G84727627,2021-02-10T22:00:00Z,915340143,poimadrid@plataformadeinfancia.org,http://www.poimadrid.org,INFANTILES,COMUNIDAD DE MADRID,27,27,160254, , 
9d35baf5b134d8ae4cb0ae9cf306abd3,FEDERATION,FEDERACION ESPAÑOLA DE TIRO CON ARCO,"CALLE ALTAMIRANO,30.0",,,MADRID,unknown,,Q2878039C,2021-02-07T22:00:00Z,619414033,rfeta@federarco.es,http://federarco.es,DEPORTIVAS,ESTATAL,0,0,0, , 
6706a0dc5551e076824685bf7bb28f6e,FEDERATION,FEDERACION MADRILEÑA DE PIRAGÜISMO,"CARRETERA EL PARDO,2.0",KM 1,,MADRID,unknown,,G79414611,2021-01-20T22:00:00Z,913950127,fmp@piraguamadrid.com,http://www.piraguamadrid.com,DEPORTIVAS,COMUNIDAD DE MADRID,17,17,6046, , 
d779e68ddc12c104c6a551c09d77bc54,FEDERATION,FEDERACION  DE ASOCIACIONES DE ASISTENCIA A VICTIMAS DE VIOLENCIA SEXUAL Y DE GENERO (FAMUVI),"AVENIDA REAL DE PINTO,26.0",1º - D,,MADRID,unknown,,G80271588,2021-01-19T22:00:00Z,636858923,gestioneconomica@stopviolenciasexual.org,http://www.stopviolenciasexual.org,FAMILIAS,ESTATAL,6,0,0, , 
d6d12fdf9559b5564a09dd26820c9113,FEDERATION,CONFEDERACION DE JUVENTUDES MUSICALES DE ESPAÑA,"CALLE ABDON TERRADAS,3.0",PUERTA IZQUIERDA,,MADRID,unknown,,G08490559,2020-08-26T20:00:00Z,629302595,info@jmspain.org,http://www.jmspain.org,CULTURALES Y CASAS REGIONALES,ESTATAL,115,1,470, , 
9f3d82b83348469d11d98824249d80b3,FEDERATION,FEDERACION ESPAÑOLA DE MUJERES DIRECTIVAS,,,,MADRID,unknown,,unknown,unknown,unknown,unknown,Unkown,Unkwon,unknown,unknown,unknown,unknown, , 
4157d7b392381146f0d4e391d685b554,FEDERATION,FEDERACION EMPRESARIAL DE ASOCIACIONES TERRITORIALES DE AGENCIAS DE VIAJES ESPAÑOLAS - FETAVE,"CALLE MIGUEL ANGEL,1.0",PORTAL DUP PL BAJA,,MADRID,unknown,,G84563584,2020-07-23T20:00:00Z,600049413,fetave@fetave.es,Unkown,COMERCIANTES,unknown,unknown,unknown,unknown, , 
2b648ac3e1beaea793bf2ad6b3fab353,FEDERATION,FEDERACION CORAL DE MADRID,"CALLE GOYA,99.0",2º - DCHA.,28009,MADRID,unknown,,G78175999,2019-10-24T20:00:00Z,655690680,fecormad@fecormad.es,http://www.fecormad.es,CULTURALES Y CASAS REGIONALES,COMUNIDAD DE MADRID,116,85,2919, , 
4ed7a7ee221806e3080565eb3a979de0,FEDERATION,FEDERACION DE ASOCIACIONES PROTECTORAS Y DE DEFENSA ANIMAL DE LA COMUNIDAD DE MADRID,"CALLE DELFIN,13.0",3º A,28029,MADRID,unknown,,V84661164,2019-08-12T20:00:00Z,606994228,fapa@fapam.org,http://www.fapam.org,DE DEFENSA DE LOS ANIMALES,COMUNIDAD DE MADRID,15,15,2890, , 
26e0e97bc7151f4e933ff849d042a34a,FEDERATION,FEDERACION MADRILEÑA DE SALVAMENTO Y SOCORRISMO,"AVENIDA SALAS DE LOS INFANTES,1.0",4º,28034,MADRID,unknown,,G78420932,2019-08-12T20:00:00Z,650436842,gerente@fmss.es,http://www.fmss.es,DEPORTIVAS,COMUNIDAD DE MADRID,11,11,902, , 
2a58c9f9d6232305720aded87a0feee4,FEDERATION,FEDERACION ESPAÑOLA DE DAÑO CEREBRAL,"CALLE AGUSTIN DE BETANCOURT,21.0",PLANTA 8ª,28003,MADRID,RIOS ROSAS,,G41792284,2019-05-13T20:00:00Z,914178905,mbarbero@fedace.org,Unkown,DE PERSONAS CON DISCAPACIDAD,ESTATAL,46,4,520, , 
9ec6cae98d297782179b6fb40a890f30,FEDERATION,FEDERACION DE ASOCIACIONES DE ESCLEROSIS MULTIPLE DE MADRID (FADEMM),"CALLE SAN LAMBERTO,5.0",,28017,MADRID,unknown,,G83715474,2019-03-31T20:00:00Z,606053326,presidencia@fademm.org,Unkown,DE SALUD Y APOYO MUTUO,COMUNIDAD DE MADRID,10,1,1086, , 
4f5c289613b089be1ceea8cc7498f12e,FEDERATION,FEDERACION MADRILEÑA DE KARATE Y DISCIPLINAS ASOCIADAS (DA),"CALLE ALBERCHE,21.0",,28007,MADRID,unknown,,G79206975,2019-01-30T22:00:00Z,915018144,info@fmkarate.com,http://fmkarate.com,DEPORTIVAS,COMUNIDAD DE MADRID,324,120,5203, , 
4bfd083f32bf31cad248e951920a8e50,FEDERATION,UNION DE ASOCIACIONES DE TETUAN MERCADO DE SAN ENRIQUE,"CALLE MERCEDES,6.0",,28020,MADRID,unknown,,unknown,2019-02-06T22:00:00Z,915705679,unionsanenrique@gmail.com,Unkown,OTRAS DE ACCIÓN SOCIAL,COMUNIDAD DE MADRID,8,8,13757, , 
af4142846e48c46b31a5783136178566,FEDERATION,UNION DE ASOCIACIONES FAMILIARES,"CALLE ALBERTO AGUILERA,3.0",PLANTA 1ª,,MADRID,unknown,,unknown,unknown,unknown,unknown,Unkown,Unkwon,unknown,unknown,unknown,unknown, , 
676f586ec2f6e748c6821be0b9930b07,FEDERATION,CONFEDERACION NACIONAL DE CENTROS ESPECIALES DE EMPLEO - CONACEE,"PASEO CASTELLANA,135.0",PLANTA 7,28046,MADRID,CASTILLEJOS,,V62552781,2018-10-08T20:00:00Z,911262254,gerencia@conacee.org,www.conacee.org,OTRAS DE ACCIÓN SOCIAL,ESTATAL,17,1,52, , 
8131d7f0f1e4e88fe1a52b5c6b5de1f1,FEDERATION,FEDERACION DE ENTIDADES Y CENTROS PARA LA INTEGRACION Y AYUDA DE MARGINADOS - FACIAM,"CALLE VIA CARPETANA,47.0",,28047,MADRID,unknown,,G28697324,2018-10-08T20:00:00Z,915595923,faciam@faciam.org,Unkown,OTRAS DE ACCIÓN SOCIAL,ESTATAL,9,7,10448, , 
f6c420a771c630060478e87edf09e4ad,FEDERATION,FED. DE COORD ASOC DE PERSONAS CON DISCAPACIDAD FISICA DE LAS COMU. AUT. DE ESPAÑA (FED. COAMIFICOA,"CALLE AZABACHE,1BIS",LOCAL 1,28019,MADRID,unknown,,G46942645,2018-04-16T20:00:00Z,913016048,COAMIFICOA@COAMIFICOA.ES,http://www.coamificoa.es,DE PERSONAS CON DISCAPACIDAD,ESTATAL,11,1,57, , 
7d5ba13217b9649878924f2b2d4b59bb,FEDERATION,AMISTAD INTERNACIONAL SCOUT Y GUIA -ESPAÑA,"CALLE ENTRE ARROYOS,19.0",PUERTA BIS,28030,MADRID,unknown,,G80782139,2018-04-24T20:00:00Z,629393387,secretaria@aisg.es,Unkown,OTRAS DE ACCIÓN SOCIAL,ESTATAL,17,1,80, , 
66e4639ba94f19b38fc6f61024d2967a,FEDERATION,ASOCIACION RED MADRILEÑA DE LUCHA CONTRA LA POBREZA Y LA EXCLUSION SOCIAL (EAPN MADRID),"CALLE MELQUIADES BIENCINTO,7.0",PLANTA 3ª,,MADRID,unknown,,unknown,unknown,unknown,unknown,Unkown,Unkwon,unknown,unknown,unknown,unknown, , 
3419d0a20ca440d08d376914ec3af896,FEDERATION,CONFEDERACION ESPAÑOLA DE INMIGRANTES EMPRENDEDORES-CEIN,"CALLE AMPARO USERA,9.0",,28026,MADRID,MOSCARDO,,G85978476,2017-08-08T20:00:00Z,629550411,confederaciones@yahoo.es,Unkown,DE INMIGRANTES,ESTATAL,5,5,3458, , 
5fde5f6a4a7c3d79162294fdd8392aed,FEDERATION,ASOCIACION DE EMPRESARIOS Y PROFESIONALES DE LA CARNE Y DERIVADOS CARNICOS DE LA COMUNIDAD DE MADRID-CARNIMAD,"CAÑOS ENRIQUE LARRETA,5.0",1º,28036,MADRID,unknown,,G28966430,2006-04-17T20:00:00Z,915471324,abogado@fedecarne.es,Unkown,COMERCIANTES,unknown,unknown,unknown,unknown, , 
1521dfe5fc0c6c6a9c8003d962c341ea,FEDERATION,FEDERACION NACIONAL DE ENFERMOS Y TRASPLANTADOS HEPATICOS,"CALLE SANTIAGO DE COMPOSTELA,38.0",7º,28034,MADRID,unknown,,V91391375,2017-05-18T20:00:00Z,675952767,secretaria@fneth.org,Unkown,DE SALUD Y APOYO MUTUO,ESTATAL,23,3,900, , 
47a9966932459abbb0242d435eec76bf,FEDERATION,COLEGAS-CONFEDERACION LGTB ESPAÑOLA,"CALLE ALAMO,5.0",BJ,,MADRID,unknown,,unknown,unknown,unknown,unknown,Unkown,Unkwon,unknown,unknown,unknown,unknown, , 
655cb968a34a8b12b9f6eb9c23d500eb,FEDERATION,UNION MADRILEÑA DE ASOCIACIONES DE PERSONAS PRO SALUD MENTAL -UMASAM- FEDERACION SALUD MENTAL COMUNIDAD DE MADRID,"CALLE POETA ESTEBAN DE VILLEGAS,12.0",LOCAL BAJO IZQUIERDA,28014,MADRID,unknown,,G86653615,2017-05-09T20:00:00Z,915130243,coordinacion@saludmentalmadrid.org,http://www.saludmentalmadrid.org,DE PERSONAS CON DISCAPACIDAD,COMUNIDAD DE MADRID,17,9,1810, , 
a376809c02a30152e4d48d0d05259390,FEDERATION,FEDERACION INTERSECTORIAL DE AUTONOMOS DE LA COMUNIDAD DE MADRID (FIDACAM),"PASEO INFANTA ISABEL,17.0",LOCAL,28014,MADRID,unknown,,G80380595,2017-05-09T20:00:00Z,915775142,administracion@fidacam.com,http://www.fidacam.com,COMERCIANTES,unknown,unknown,unknown,unknown, , 
127dbedd0831e0316a0cb00dc9934623,FEDERATION,"PLATAFORMA ""KHETANE"" DEL MOVIMIENTO ASOCIATIVO GITANO DEL ESTADO ESPAÑOL","PLAZA LUCA DE TENA,2.0",BAJO LOCAL,28045,MADRID,PALOS DE MOGUER,,G86515087,2016-09-26T20:00:00Z,649548329,coordinacion@plataformakhetane.org,http://www.plataformakhetane.org,DE DERECHOS HUMANOS,ESTATAL,27,1,375, , 
8df5560b085e071c96b2f356cec9ad7b,FEDERATION,FEDERACION DE PLANIFICACION FAMILIAR ESTATAL,"CALLE SAN VICENTE FERRER,86.0",LOCAL BAJO,28015,MADRID,unknown,,V78419884,2017-04-20T20:00:00Z,915913449,info@fpfe.org,http://www.fpfe.org,DE SALUD Y APOYO MUTUO,ESTATAL,7,1,53, , 
4f3d421889671f2448af45dc4e1d9f47,FEDERATION,UNION DE ASOCIACIONES DE TRABAJADORES AUTONOMOS Y EMPRENDEDORES DE LA COMUNIDAD DE MADRID (UATAE MADRID),"CALLE GENERAL PALANCA,37.0",,28045,MADRID,DELICIAS,,G86249182,2017-04-20T20:00:00Z,915177375,bproyectos@uatae.org,www.uatae.org,COMERCIANTES,unknown,unknown,unknown,unknown, , 
fa719fbb83f12b51a76929f92cda16bf,FEDERATION,CIRCULO EMPRESARIAL DE ATENCION A LAS PERSONAS (CEAPS),"CALLE CASTELLO,95.0",2º B,28006,MADRID,unknown,,G87721593,2017-04-23T20:00:00Z,696656643,direccion@ceaps.org,Unkown,COMERCIANTES,unknown,unknown,unknown,unknown, , 
4a29657a3b3dff12cde60ae7f8260228,FEDERATION,COORDINADORA ASOCIACIONES CULTURALES DE MADRID - COACUM,"CALLE SANTA JULIA,11.0",,28053,MADRID,SAN DIEGO,,G79006672,1989-02-27T22:00:00Z,914773887,coacum@gmail.com,Unkown,CULTURALES Y CASAS REGIONALES,COMUNIDAD DE MADRID,18,7,1504, , 
d40195effa0b6d11fac7c4f719247675,FEDERATION,FEDERACION RED DE ARTEMISA,"CALLE MAESTRO ARBOS,3.0",5º DESPACHO 511,28045,MADRID,unknown,,G86219219,2016-09-28T20:00:00Z,917787432,coordinacion@redartemisa.org,Unkown,OTRAS DE ACCIÓN SOCIAL,ESTATAL,6,6,1496, , 
820d007a983a2fd4f3a509a9f5558daf,FEDERATION,CONFEDERACION SALUD MENTAL ESPAÑA,"CALLE HERNANDEZ MAS,20.0",,28053,MADRID,ENTREVIAS,,G46245247,2016-09-04T20:00:00Z,915079248,confederacion@consaludmental.org,http://consaludmental.org,DE SALUD Y APOYO MUTUO,ESTATAL,300,21,3568, , 
0c10ee2a74fc5bd0028235c17d8c4300,FEDERATION,FEDERACION ESPAÑOLA DE LUPUS,"CALLE MORETO,7.0",5º DCHA.,28014,MADRID,unknown,,G29845096,2016-07-19T20:00:00Z,647081061,info@felupus.org,http://www.felupus.org,DE SALUD Y APOYO MUTUO,ESTATAL,22,1,400, , 
73dda09f7c2b960fb30fe03eac6dd6ca,FEDERATION,FEDERACION AUTISMO MADRID,"CALLE COSTA VERDE,1.0",,28029,MADRID,ALMENARA,,G82095456,2016-04-10T20:00:00Z,910133095,info@autismomadrid.es,http://www.autismomadrid.es,OTRAS DE ACCIÓN SOCIAL,COMUNIDAD DE MADRID,14,7,943, , 
5afaf1f7e2558837071aa89232cf078e,FEDERATION,"FAAM ""SINDICATO DE ESTUDIANTES""","CALLE ESCALONA,80.0",2ºC,28024,MADRID,ALUCHE,,G83303313,2016-02-07T22:00:00Z,605950727,sindicatoestudiantesmadrid@gmail.com,http://sindicatodeestudiantes.net,JUVENILES,COMUNIDAD DE MADRID,92,42,813, , 
d6332c598b9aab097f9d04bdd4bcc70c,FEDERATION,FEDERACION ESPAÑOLA DE ENFERMEDADES METABOLICAS HEREDITARIAS,"CALLE LUIS RUIZ,75.0",LOCAL 30,28017,MADRID,PUEBLO NUEVO,,G41429440,2015-09-01T20:00:00Z,626225611,federacion@metabolicos.es,http://www.metabolicos.es,DE SALUD Y APOYO MUTUO,ESTATAL,16,3,121, , 
665a6b7194eca4ed797cffbd578cab40,FEDERATION,FEDERACION MADRILEÑA DE DEPORTES PARA DISCAPACITADOS INTELECTUALES,"AVENIDA SALAS DE LOS INFANTES,1.0",,28034,MADRID,unknown,,G80830730,2015-04-20T20:00:00Z,913646344,gerencia@femaddi.org,http://www.femaddi.org,DEPORTIVAS,COMUNIDAD DE MADRID,54,27,1123, , 
d35047f46a71f8e1a49ff6ff9f5c1e1e,FEDERATION,FEDERACION ESPAÑOLA DE ASOCIACIONES DE ESPINA BIFIDA E HIDROCEFALIA,"CALLE PECHUAN,14.0",,28002,MADRID,CIUDAD JARDIN,,G28726792,2015-04-14T20:00:00Z,650394896,PRESIDENCIA@FEBHI.ORG,http://www.febhi.org,DE SALUD Y APOYO MUTUO,ESTATAL,18,1,351, , 
0d3e48590856a74757762b0e29871ee6,FEDERATION,FEDERACION  DE ASOCIACIONES DE MUJERES DE LA COMUNIDAD DE MADRID-FAMCM,"CALLE BRAVO MURILLO,4.0",LOCAL,28015,MADRID,TRAFALGAR,,G86535119,2015-03-10T22:00:00Z,914296241,f.asociacionesdemujerescm@gmail.com,http://www.federacionasociacionesdemujerescm.org,DE MUJERES,COMUNIDAD DE MADRID,13,9,1000, , 
0ac044766cad0ec44b6f9e90d0e62e1b,FEDERATION,FEDERACION ESPAÑOLA DEL PUEBLO GITANO,"CALLE RUIDERA,10.0",LOCAL A,28053,MADRID,unknown,,G87071676,2015-03-02T22:00:00Z,603165053,federacion.esppg@hotmail.com,Unkown,OTRAS DE ACCIÓN SOCIAL,ESTATAL,4,2,315, , 
7150e143e1e0b729d2c1ac9486f57775,FEDERATION,ASOCIACION RED DE ONGD DE MADRID,"CALLE EMBAJADORES,26.0",LOCAL 4,28012,MADRID,unknown,,V81310278,2015-02-05T22:00:00Z,915288033,coordinacion@redongdmad.org,www.redongdmad.org,PARA LA COOPERACIÓN AL DESARROLLO,COMUNIDAD DE MADRID,95,90,785644, , 
501ba84c0f922d3b132560094dd7c9e3,FEDERATION,FEDERACION DE ASOCIACIONES BOLIVIANAS Y LATINOAMERICANAS (FEDABOL),"CALLE FRANCISCO RUIZ,9.0",BAJO,,MADRID,unknown,,unknown,unknown,unknown,unknown,Unkown,Unkwon,unknown,unknown,unknown,unknown, , 
695aa4f43208602b769dff50f8c51c11,FEDERATION,CONFEDERACION DE ASOCIACIONES DE ENFERMOS DE CROHN Y COLITIS ULCEROSA DE ESPAÑA - ACCU ESPAÑA,"CALLE ENRIQUE TROMPETA,6.0",BAJO 1,28045,MADRID,CHOPERA,,G82047143,2014-03-04T22:00:00Z,915426326,accuesp@accuesp.com,http://www.accuesp.com,DE SALUD Y APOYO MUTUO,ESTATAL,33,1,716, , 
8c179c6f81fd069f260c01b308888d90,FEDERATION,LIGA REUMATOLOGICA ESPAÑOLA,,,,MADRID,unknown,,unknown,unknown,unknown,unknown,Unkown,Unkwon,unknown,unknown,unknown,unknown, , 
faeb927b1e774027b99fc58cf3361592,FEDERATION,DOWN ESPAÑA - FEDERACION ESPAÑOLA DE INSTITUCIONES PARA EL SINDROME DE DOWN,"CALLE MACHAQUITO,58.0",BAJO,28043,MADRID,unknown,,G80245780,2013-11-10T22:00:00Z,917160710,downespana@sindromedown.net,http://www.sindromedown.net,DE SALUD Y APOYO MUTUO,ESTATAL,90,5,1108, , 
9be4a7a4045e172161e9cbda3c8d4792,FEDERATION,FEDERACION DE PERSONAS SORDAS DE LA COMUNIDAD DE MADRID - FESORCAM,"CALLE FLORESTAN AGUILAR,11.0",BAJO,28028,MADRID,GUINDALERA,,G78509288,2013-06-26T20:00:00Z,917253757,administracion2@fesorcam.org,http://WWW.fesorcam.org,DE PERSONAS CON DISCAPACIDAD,COMUNIDAD DE MADRID,10,2,380, , 
3e2c7948201bb1a828bb18f9435c1b87,FEDERATION,ASOCIACION MADRILEÑA DE ORGANIZACIONES DE ATENCION A LAS PERSONAS CON PARALISIS CEREBRAL Y AFINES (ASPACE MADRID),"CALLE TABATINGA,11.0",,28027,MADRID,EL SALVADOR,,G82633256,2013-01-22T22:00:00Z,670318674,proyectos@aspacemadrid.org,http://www.aspacemadrid.org,DE SALUD Y APOYO MUTUO,COMUNIDAD DE MADRID,10,10,581, , 
4885ddee13c55058722962ddce9301ac,FEDERATION,ASOCIACION DE CLUBES DE PELOTA DE MADRID Y SIGLA - ACPM,"CALLE BENIDORM,28.0",PISO BAJO LETRA H,28017,MADRID,VENTAS,,G86519675,2012-12-04T22:00:00Z,913265350,ORTEGOCUESTA@GMAIL.COM,http://www.asociacioncpm.org,DEPORTIVAS,COMUNIDAD DE MADRID,3,2,45, , 
2f1a47a04c078ec1fe351efeb25702f1,FEDERATION,FEDERACION DE GRUPOS TRADICIONALES MADRILEÑOS,"CALLE SIERRA DE CONTRAVIESA,14.0",BAJO,28053,MADRID,ENTREVIAS,,G79307955,2012-11-25T22:00:00Z,669751037,federacion.grupos.tradicionales@gmail.com,http://www..federaciongrupostradicionalesmadrilenos.com,CULTURALES Y CASAS REGIONALES,COMUNIDAD DE MADRID,11,7,592, , 
50689bed818cf60c274348e4a7426432,FEDERATION,FEDERACION MADRILEÑA DE FOLCLORE,"AVENIDA CORDOBA,15.0",,28026,MADRID,unknown,,G82620667,2012-10-21T20:00:00Z,609143675,director@balletfolcloricodemadrid.es,Unkown,CULTURALES Y CASAS REGIONALES,ESTATAL,4,4,581, , 
3a405ccd2dc8afcce602e5097e7bc156,FEDERATION,FEDERACION ESPAÑOLA DE TRANSPLANTADOS DE CORAZON (FETCO),"CALLE CERRO BLANCO,14.0",LOCAL 19,28026,MADRID,unknown,,G81414328,2012-09-02T20:00:00Z,917510479,presidencia@fetco.es,http://www.fetco.es,DE SALUD Y APOYO MUTUO,ESTATAL,9,1,152, , 
b6a564f0e98894b91f39bed042c29de4,FEDERATION,CONFEDERACION DE ASOCIACIONES INDEPENDIENTES DE JUBILADOS,,,,MADRID,unknown,,unknown,unknown,unknown,unknown,Unkown,Unkwon,unknown,unknown,unknown,unknown, , 
d6bc89f86a3c5657502e827d3ee77ed7,FEDERATION,FEDERACION DE ASOCIACIONES DE INGENIEROS INDUSTRIALES DE ESPAÑA,"CALLE GENERAL ARRANDO,38.0",,28010,MADRID,ALMAGRO,,G28214377,2012-07-25T20:00:00Z,915210070,faiie@iies.es,http://www.ingenierosindustriales.es,COMERCIANTES,unknown,unknown,unknown,unknown, , 
e50689b078fb670d22233f4249f537a7,FEDERATION,UNION DE ASOCIACIONES DE INGENIEROS TECNICOS INDUSTRIALES  Y GRADUADOS EN INGENIERIA DE LA RAMA INDUSTRIAL DE ESPAÑA (UAITIE),"AVENIDA PABLO IGLESIAS,2.0",2º PISO,28003,MADRID,VALLEHERMOSO,,G28196061,2012-07-22T20:00:00Z,915541806,uaitie@uaitie.es,http://www.uaitie.es,COMERCIANTES,unknown,unknown,unknown,unknown, , 
7c25f5e99617ab504537231878bfb1ef,FEDERATION,FEDERACION ESPAÑOLA SINDROME X FRAGIL,"PLAZA CARBALLO,8.0",10º-3,28029,MADRID,EL PILAR,,G61897948,2012-07-15T20:00:00Z,629964478,jguzman@xfragil.org,http://xfragil.org,DE SALUD Y APOYO MUTUO,ESTATAL,12,1,114, , 
6e84abc8a6dc771f4ca89c7c9df50066,FEDERATION,FEDERACION ESPAÑOLA DE BANCOS DE ALIMENTOS,"CARRETERA COLMENAR VIEJO,KM. 12",,,MADRID,unknown,,unknown,unknown,unknown,unknown,Unkown,Unkwon,unknown,unknown,unknown,unknown, , 
d615ad69dce30d70ab782987f95a1ecf,FEDERATION,FEDERACION DE MUJERES Y FAMILIAS DEL AMBITO RURAL - AMFAR,"CALLE AGUSTIN DE BETANCOURT,17.0",7º PLANTA,28003,MADRID,RIOS ROSAS,,V82616582,2012-06-19T20:00:00Z,667696906,amfarcr@mujerrural.com,http://www.mujerrural.com,DE MUJERES,ESTATAL,29,1,1985, , 
5e9675f057cb72c8b35c0a08c773343b,FEDERATION,FEDERACION DE ASOCIACIONES DE CONSUMIDORES Y USUARIOS DE LOS MEDIOS (ICMEDIA),"CALLE RUFINO BLANCO,8.0",3º B,28028,MADRID,FUENTE DEL BERRO,,G80508682,2012-06-17T20:00:00Z,915349018,mpellico@icmedianet.org,Unkown,DE PERSONAS CONSUMIDORAS Y USUARIAS,ESTATAL,13,1,80, , 
ff08644e0b22fe89959a287bac97b2ab,FEDERATION,ORGANIZACION IMPULSORA DE DISCAPACITADOS (O.I.D.),"CALLE GRAN VIA,57.0",7ºB,28013,MADRID,PALACIO,,G47337118,2012-06-17T20:00:00Z,925054000,abogadosoid@gmail.com,Unkown,OTRAS DE ACCIÓN SOCIAL,INTERNACIONAL,1,1,79, , 
1f0b3b3cb097262a708eee989ae2f4c9,FEDERATION,FEDERACION DE COMUNIDADES ANDALUZAS CENTRO DE ESPAÑA - FECACE,"CALLE GRAN VIA,29.0",4º PTA 14,28013,MADRID,SOL,,V79083754,2012-06-17T20:00:00Z,915320037,secretaria@fecace.com,http://www.fecace.es,CULTURALES Y CASAS REGIONALES,ESTATAL,22,3,970, , 
a27b6622b42dbec900b9d75efaa3eee7,FEDERATION,LIGA ESPAÑOLA DE LA EDUCACION Y LA CULTURA POPULAR (L.E.E.C.P.),"CALLE VALLEHERMOSO,54.0",1º 1,28015,MADRID,ARAPILES,,G78519543,2012-01-09T22:00:00Z,915945338,laliga@ligaeducacion.org,http://www.ligaeducacion.org,CULTURALES Y CASAS REGIONALES,ESTATAL,15,1,45, , 
b1671d18ea07154db0519a88c1d0c59a,FEDERATION,COORDINADORA NACIONAL DE ARTRITIS - CONARTRITIS,"CALLE FERROCARRIL,18.0",2º -  OFICINA 1,28045,MADRID,PALOS DE MOGUER,,G84188671,2011-12-15T22:00:00Z,915352141,conartritis@conartritis.org,http://www.conartritis.org,DE SALUD Y APOYO MUTUO,ESTATAL,15,1,432, , 
6c535c2b97500c48bce5b9a78bdd85f5,FEDERATION,FEDERACION ECOM - FEDERACION DE ENTIDADES DE PERSONAS CON DISCAPACIDAD FISICA,"CALLE GERMAN PEREZ CARRASCO,65.0",LOCAL,28027,MADRID,QUINTANA,,G08803801,2011-02-20T22:00:00Z,934515550,unknown,Unkown,DE SALUD Y APOYO MUTUO,ESTATAL,174,9,0, , 
3f1084ce1c6ba4b432a7870d7348ea23,FEDERATION,FEDERACION DE CASAS REGIONALES EN MADRID,"CALLE HEXAGONOS,S/N",(RECINTO FERIAL CASA DE CAMPO),28011,MADRID,unknown,,V28930287,1988-10-03T22:00:00Z,913166216,unknown,Unkown,CULTURALES Y CASAS REGIONALES,COMUNIDAD DE MADRID,83,27,53280, , 
a3905ca2a49705ff99de90c4746655e4,FEDERATION,FEDERACION MADRILEÑA DE ESCULTISMO (F.M.E.),"CALLE HORTALEZA,19.0",1º IZDA.,28004,MADRID,VALDEFUENTES,,G82839762,2010-02-23T22:00:00Z,914294321,info@madridscout.org,http://www.madridscout.org,JUVENILES,COMUNIDAD DE MADRID,2,2,6150, , 
08209ef58ae6e4ba37fadb555ff612fe,FEDERATION,FEDERACION SCOUT REGIONAL DE MADRID,"AVENIDA CIUDAD DE BARCELONA,208.0",1ºA,28007,MADRID,ADELFAS,,G80727225,2009-11-11T22:00:00Z,914615591,oficinafsrm@gmail.com,http://federacionscoutregionaldemadrid.com,JUVENILES,COMUNIDAD DE MADRID,6,4,321, , 
10ab051791bc6eacbba51617dc528ad5,FEDERATION,ASOCIACION DE EMPRESARIOS DE LA PEQUEÑA Y MEDIANA EMPRESA DE VILLAVERDE - USERA (FACOVU),"AVENIDA OROVILLA,54.0",SEMILLERO DE EMPRESAS DE VILLAVERDE,28041,MADRID,LOS ROSALES,,G83915421,2009-07-07T20:00:00Z,917160620,unknown,Unkown,COMERCIANTES,unknown,unknown,unknown,unknown, , 
b4986452acb5888ad4bed625b4da0ad7,FEDERATION,UNION DE FEDERACIONES DEPORTIVAS MADRILEÑAS (UFEDEMA),"CALLE CASTELLO,107.0",1º B,28006,MADRID,CASTELLANA,,G79163721,2009-06-30T20:00:00Z,915621232,ufedema@ufedema.es,http://www.ufedema.com,DEPORTIVAS,COMUNIDAD DE MADRID,60,57,3, , 
6f065a86f99c12e784c81a7abda41634,FEDERATION,ASOCIACION MADRILEÑA DE EMPRESAS DE INSERCION (AMEI),"CALLE MONTERA,10.0",12,,MADRID,unknown,,unknown,unknown,unknown,unknown,Unkown,Unkwon,unknown,unknown,unknown,unknown, , 
efdf321bebc06575a4dc01e9f394bbd2,FEDERATION,CONFEDERACION NACIONAL DE MUJERES EN IGUALDAD,"CALLE ARROYO DEL OLIVAR,162.0",LOCAL PUERTA DE CALLE,28018,MADRID,PORTAZGO,,G80409105,2009-02-26T22:00:00Z,915577071,info@mujeresenigualdad.com,http://www.mujeresenigualdad.com,DE MUJERES,ESTATAL,176,29,10633, , 
3ff2cbb5054d49207f96636307f8fdb9,FEDERATION,FEDERACION DE COMERCIO AGRUPADO Y MERCADOS DE LA COMUNIDAD DE MADRID - COCAM,"CALLE CONDE DE TORRALBA,11.0",1ª planta,28046,MADRID,unknown,,G83185314,2009-02-16T22:00:00Z,914754148,gerenciacocam@comerciomadrid.org,http://comerciomadrid.org,COMERCIANTES,unknown,unknown,unknown,unknown, , 
202bc980122c47e45b8322c49c772373,FEDERATION,FEDERACION DE ASOCIACIONES DE FAMILIAS Y MUJERES DEL MEDIO RURAL DE LA COMUNIDAD DE MADRID - FEDERACION AFAMMER COMUNIDAD DE MADRID,"CALLE OVIEDO,30.0",BAJO,28020,MADRID,CUATRO CAMINOS,,G85603322,2009-02-08T22:00:00Z,918158449,unknown,Unkown,DE MUJERES,COMUNIDAD DE MADRID,8,1,747, , 
7f7ac30f5a6fd1d53c36d42d614bce40,FEDERATION,FEDERACION CATOLICA ESPAÑOLA DE SERVICIOS A LA JUVENTUD FEMENINA (ACISJF),"CALLE RAMOS CARRION,9.0",SOTANO A,28002,MADRID,PROSPERIDAD,,V28596534,2009-01-11T22:00:00Z,914130482,comunicacion@federacionacisjf.com,http://www.federacionacisjf.com,OTRAS DE ACCIÓN SOCIAL,ESTATAL,5,1,31, , 
b0de8e1e4a89088b805fa0af197d4436,FEDERATION,PLATAFORMA DE ASOCIACIONES DE TETUAN,"CALLE MUNDILLO,6.0",,28029,MADRID,VALDEACEDERAS,,G84358340,2009-01-11T22:00:00Z,913151112,almenara@radioalmenara.net,Unkown,OTRAS DE ACCIÓN SOCIAL,DISTRITO,15,0,0, , 
339cb02e5b5697f2ab91329fcab8c339,FEDERATION,CONFEDERACION DE EMPRESARIOS DE COMERCIO MINORISTA,,,,MADRID,unknown,,unknown,unknown,unknown,unknown,Unkown,Unkwon,unknown,unknown,unknown,unknown, , 
39a4bfe487409bb133bfbf0229a3e948,FEDERATION,CONFEDERACION GENERAL DE LA PEQUEÑA Y MEDIANA EMPRESA DEL ESTADO ESPAÑOL - COPYME,"PASEO INFANTA ISABEL,17.0",LOCAL,28014,MADRID,LOS JERONIMOS,,G28613792,2008-11-06T22:00:00Z,914350612,confederacion@copyme.es,http://www.copyme.es,COMERCIANTES,unknown,unknown,unknown,unknown, , 
5d1dded142944721e9c81ac446764fff,FEDERATION,CONFEDERACION DEL COMERCIO ESPECIALIZADO DE LA COMUNIDAD DE MADRID - COCEM,"CALLE ALBERTO AGUILERA,66.0",1º DCHA.,28015,MADRID,GAZTAMBIDE,,G83517748,2008-11-05T22:00:00Z,918285707,presidencia@cocem.es,http://www.cocem.es,COMERCIANTES,unknown,unknown,unknown,unknown, , 
13e3f1d73e61c2c32d374ef3bf8f8d9c,FEDERATION,FEDERACION DE CENTROS JUVENILES VALDOCO,"CALLE MARQUES DE LA VALDAVIA,2.0",1º,28012,MADRID,PALOS DE MOGUER,,G79462032,2008-01-07T22:00:00Z,911109140,valdoco@valdoco.org,http://www.valdoco.org,JUVENILES,ESTATAL,28,12,2485, , 
09a0fd8469e0af99d14f329b94a05e3f,FEDERATION,FEDERACION DE PLATAFORMAS SOCIALES PINARDI,"CALLE MARQUES DE LA VALDAVIA,2.0",,28012,MADRID,PALOS DE MOGUER,,G83169524,2008-01-07T22:00:00Z,914681252,pinardi@pinardi.com,http://www.pinardi.com,OTRAS DE ACCIÓN SOCIAL,ESTATAL,7,4,150, , 
2b86dd85880aac8e801d47253bccc5c3,FEDERATION,FEDERACION DE EMPRESARIOS DE LA COMUNIDAD DE MADRID - FEDECAM,"CALLE ARROYO DE LA ELIPA,12.0",LOCAL 2,28017,MADRID,PUEBLO NUEVO,,G82734724,2008-01-07T22:00:00Z,913680404,info@fedecam.es,http://www.fedecam.es,COMERCIANTES,unknown,unknown,unknown,unknown, , 
eb9920c6d2f27af1d0d2f387c3ed593e,FEDERATION,COMITE DE ENTIDADES REPRESENTANTES DE PERSONAS CON DISCAPACIDAD DE LA COMUNIDAD AUTONOMA DE MADRID - CERMI,"CALLE PRIM,3.0",3º DESPACHO 321,28004,MADRID,JUSTICIA,,G82698846,2008-01-07T22:00:00Z,915229265,cermimadrid@cermimadrid.org,http://www.cermimadrid.org,DE SALUD Y APOYO MUTUO,COMUNIDAD DE MADRID,10,10,103000, , 
5fe9797a5fe02dd9f9eb999bded2bae1,FEDERATION,UNION DE RADIOS LIBRES Y COMUNITARIAS DE MADRID,"CALLE MAGNOLIAS,35.0",,28029,MADRID,ALMENARA,,G81420093,2007-07-02T20:00:00Z,911410643,urcm.mariano@gmail.com,http://www.urcm.net,CULTURALES Y CASAS REGIONALES,COMUNIDAD DE MADRID,11,6,502, , 
57fcd2b13e0664e67b7dbd52b036a42e,FEDERATION,FEDERACION MADRILEÑA DE ASOCIACIONES DE PADRES Y AMIGOS DE LOS SORDOS - FEMAPAS,"CALLE MARTINEZ IZQUIERDO,80.0",LOCAL,28028,MADRID,GUINDALERA,,G82687260,2007-03-21T22:00:00Z,913558964,unknown,Unkown,DE SALUD Y APOYO MUTUO,COMUNIDAD DE MADRID,3,2,395, , 
b0f56acc76e3bc582f8e516b3a26cfab,FEDERATION,FEMAS - FEDERACION MADRILEÑA DE FEDERACIONES Y ASOCIACIONES DE PREJUBILADOS,,,,MADRID,unknown,,unknown,unknown,unknown,unknown,Unkown,Unkwon,unknown,unknown,unknown,unknown, , 
a598b86edf98d0d27d17716c0a6290f7,FEDERATION,FEDERACION DE AFRICANOS EN EL MUNDO - FAM,"CALLE PUERTO DE SOMIEDO,21.0",BAJO A,28038,MADRID,PORTAZGO,,G84855543,2006-11-13T22:00:00Z,648975968,unknown,Unkown,DE INMIGRANTES,ESTATAL,3,3,311, , 
4ae890f479a54f85ea297e30b0da586b,FEDERATION,FEDERACION DE ASOCIACIONES DE RUMANOS EN ESPAÑA - FEDROM,"CALLE WAD-RAS,19.0",BAJO,28039,MADRID,ENTREVIAS,,G84130517,2006-10-24T20:00:00Z,913982336,unknown,Unkown,DE INMIGRANTES,ESTATAL,35,8,0, , 
a831f54db27bba4dc83aa318c7b0f0ff,FEDERATION,FEDERACION DE ASOCIACIONES DE DISTROFIAS HEREDITARIAS DE RETINA DE ESPAÑA FARPE,"CALLE MONTERA,24.0",4º J,28013,MADRID,SOL,,G79386348,2006-10-24T20:00:00Z,915320707,farpe@retinosisfarpe.org,http://www.retinosisfarpe.org,DE SALUD Y APOYO MUTUO,ESTATAL,11,1,600, , 
e8f30b2f3c6135505f6b391219c578d2,FEDERATION,FEDERACION DE ASOCIACIONES DE MUJERES CONCEPCION ARENAL,"PLAZA CORTES,4.0",4º DCHA,28014,MADRID,CORTES,,G80825524,2006-06-04T20:00:00Z,913555462,unknown,Unkown,DE MUJERES,ESTATAL,6,1,262, , 
10401757b9a6940d8d42916dc1e610c3,FEDERATION,FEDERACION ESTATAL DE ASOCIACIONES DE INMIGRANTES Y REFUGIADOS EN ESPAÑA - FERINE,"CALLE NAVARRA,35.0",LOCAL,28039,MADRID,BELLAS VISTAS,,G84548825,2006-04-20T20:00:00Z,911539953,unknown,http://www.ferine.es,DE INMIGRANTES,ESTATAL,95,30,440, , 
8204ea6f83664e1fb3cc55eee51cd474,FEDERATION,FEDERACION DE USUARIOS-CONSUMIDORES INDEPENDIENTES DE LA COMUNIDAD DE MADRID - CICM,"CALLE JOAQUIN COSTA,61.0",BJ. DCHA.,28002,MADRID,EL VISO,,G79453916,2006-02-20T22:00:00Z,915640118,fuciest@hotmail.com,http://www.fucimadrid.es,DE PERSONAS CONSUMIDORAS Y USUARIAS,COMUNIDAD DE MADRID,4,3,4761, , 
491c93226e67a5f6e71e3b988cca7c69,FEDERATION,UNION DE COOPERATIVAS DE CONSUMIDORES Y USUARIOS DE MADRID - UNCUMA,"CALLE ANCORA,10.0",1º-B,28045,MADRID,QUINTANA,,F28582435,2006-02-16T22:00:00Z,635543582,presidencia@uncuma.coop,http://www.uncuma.coop.,DE PERSONAS CONSUMIDORAS Y USUARIAS,COMUNIDAD DE MADRID,11,6,21267, , 
32ec63a60b588288df40f4ca53f8a747,FEDERATION,FEVOCAM-PLATAFORMA DE ENTIDADES DE VOLUNTARIADO DE LA COMUNIDAD AUTONOMA DE MADRID,"CALLE MELQUIADES BIENCINTO,7.0",PISO 3.º,28053,MADRID,SAN DIEGO,,V80630957,2005-11-01T22:00:00Z,915410436,info@fevocam.org,http://www.fevocam.org,OTRAS DE ACCIÓN SOCIAL,COMUNIDAD DE MADRID,73,67,144265, , 
82e56ca7b058be6dc33ef1ac6a6c6816,FEDERATION,FEDERACION UNION CIVICA NACIONAL DE CONSUMIDORES Y AMAS DE HOGAR DE ESPAÑA - UNAE,"CALLE VILLANUEVA,8.0",3º,28001,MADRID,RECOLETOS,,G78405768,2005-09-25T20:00:00Z,915757219,jrlozano64@yahoo.es,http://www.federacionunae.com,DE PERSONAS CONSUMIDORAS Y USUARIAS,COMUNIDAD DE MADRID,68,2,10712, , 
f61ef3afa41c0403a7a198c1bb43d6ba,FEDERATION,AGRUPACION DE DESARROLLO LOS MOLINOS,"CALLE ANDRES MELLADO,10.0",BAJO D,28015,MADRID,GAZTAMBIDE,,G83347088,2005-07-12T20:00:00Z,915912336,coordinacion@admolinos.org,http://www.admolinos.org,OTRAS DE ACCIÓN SOCIAL,ESTATAL,3,1,90, , 
ab60425ffcabc7e486e2e11207ece10a,FEDERATION,FEDERACION DE ALCOHOLICOS DE LA COMUNIDAD DE MADRID,"PASEO DELICIAS,65.0",BLOQ A,,MADRID,unknown,,unknown,unknown,unknown,unknown,Unkown,Unkwon,unknown,unknown,unknown,unknown, , 
85a23f4343ff4cacb54a9e36f493e774,FEDERATION,ASDE EXPLORADORES DE MADRID,"CALLE HORTALEZA,19.0",1º IZDA,28004,MADRID,JUSTICIA,,G78617362,2005-05-12T20:00:00Z,915219158,edm@exploradoresdemadrid.org,http://www.exploradoresdemadrid.org,JUVENILES,COMUNIDAD DE MADRID,55,32,3903, , 
219d12fd4ee5c14e2bb47dad3e567ecf,FEDERATION,FEDERACION INDEPENDIENTE DE ASOCIACIONES DE VECINOS DE LA COMUNIDAD DE MADRID - FIAVECAM,"CALLE VELERO,19.0",,28042,MADRID,ALAMEDA DE OSUNA,,G84199017,2005-04-20T20:00:00Z,913249830,fiavecam@gmail.com,Unkown,VECINALES,COMUNIDAD DE MADRID,3,3,1378, , 
71078901453b507ab6ed20e90c385758,FEDERATION,FEDERACION INJUCAM PARA LA PROMOCION DE LA INFANCIA Y LA JUVENTUD,"CALLE CARPINTERIA,12.0",PISO 1º,28037,MADRID,AMPOSTA,,G82237827,2005-03-16T22:00:00Z,913240954,gestion@injucam.org,http://www.injucam.org,INFANTILES,COMUNIDAD DE MADRID,18,18,850, , 
c08c4e2e4d6dbf2bf73cb02587a39722,FEDERATION,CONFEDERACION DE ASOCIACIONES DE CONSUMIDORES Y USUARIOS DE LA COMUNIDAD DE MADRID - CECU MADRID,"CALLE CAVA BAJA,30.0",,28005,MADRID,PALACIO,,G80684004,2005-03-10T22:00:00Z,913640276,info@cecumadrid.org,http://www.cecumadrid.org,DE PERSONAS CONSUMIDORAS Y USUARIAS,COMUNIDAD DE MADRID,5,4,2564, , 
5b56a1426623fd60a78f77dc58f00725,FEDERATION,FEDERACION DE MUJERES PROGRESISTAS,"CALLE RIBERA DE CURTIDORES,3.0",,28005,MADRID,EMBAJADORES,,G78764966,2004-09-28T20:00:00Z,915390238,notificaciones@fmujeresprogresistas.org,http://www.fmujeresprogresistas.org,DE MUJERES,ESTATAL,18,18,407, , 
400912b011d8db76bdcfeae88ec3a7dc,FEDERATION,FEDERACION ESPAÑOLA DE ENFERMEDADES RARAS - FEDER,"CALLE DOCTOR CASTELO,49.0",1º PLANTA,28009,MADRID,IBIZA,,G91018549,2004-09-14T20:00:00Z,915334008,proyectos@enfermedades-raras.org,http://www.enfermedades-raras.org,DE SALUD Y APOYO MUTUO,ESTATAL,385,117,65761, , 
b2593beaa765a3a9f3cca0eb7bed26b3,FEDERATION,FEDERACION DE ASOCIACIONES DE PERSONAS CON DISCAPACIDAD FISICA Y ORGANICA DE LA COMUNIDAD DE MADRID. FAMMA-COCEMFE MADRID,"CALLE GALILEO,69.0",BAJO DERECHA,28015,MADRID,ARAPILES,,G78875408,2001-09-05T20:00:00Z,915933550,gestioninterna@famma.org,http://www.famma.org,DE PERSONAS CON DISCAPACIDAD,COMUNIDAD DE MADRID,48,25,10751, , 
ed2d7c5320205d1e562efb0088d9d4d3,FEDERATION,FEDERACION DE GRUPOS DE TEATRO AFICIONADO Y AMATEUR DE LA COMUNIDAD DE MADRID (FETAM),"PLAZA ESPAÑA,6.0",PLANTA 1,28008,MADRID,PALACIO,,V82233974,2001-03-11T22:00:00Z,649745076,fetam@fetam.es,http://www.fetam.es,CULTURALES Y CASAS REGIONALES,COMUNIDAD DE MADRID,68,16,170, , 
08b212bdde0b537859c0fc35903ed0c6,FEDERATION,FEDERACION DE ASOCIACIONES EXTREMEÑAS EN LA COMUNIDAD DE MADRID,"CALLE GRAN VIA,59.0",4º C,28013,MADRID,PALACIO,,V79110029,1999-12-22T22:00:00Z,unknown,faecam@faecam.es,http://www.faecam.com,CULTURALES Y CASAS REGIONALES,COMUNIDAD DE MADRID,26,9,1845, , 
de24d118fbdc1df38f83572b5140dba2,FEDERATION,FEDERACION DE ASOCIACIONES DE VALLECAS TODO CULTURA,"CALLE LA DILIGENCIA,19.0",LOCAL B,28018,MADRID,PALOMERAS BAJAS,,G79918793,1999-09-14T20:00:00Z,917770760,vtc@vallecastodocultura.org,http://www.vallecastodocultura.org,CULTURALES Y CASAS REGIONALES,MUNICIPIO,8,8,700, , 
114a206b94ee2b52205487dc7b8bec49,FEDERATION,FEDERACION DE COMUNIDADES ORIGINARIAS DE CASTILLA-LA MANCHA EN LA COMUNIDAD DE MADRID,"CALLE PAZ,4.0",1º,28012,MADRID,SOL,,G80405368,1998-06-07T20:00:00Z,915227278,olgaalberca338@gmail.com,http://www.casaclmmadrid.org,CULTURALES Y CASAS REGIONALES,COMUNIDAD DE MADRID,11,2,700, , 
